text_id,avg_sentence_length,avg_word_length,type_token_ratio,subordinate_clause_ratio,short_sentence_ratio,apology_density,adjektiv_dichte,verb_dichte,nominalisierung_quote,agentenlos_ratio,funktionswort_dichte,is_poetry,epistemic_sharpness,hedging_ratio,semantic_breadth_abs,rsb,log_bluff,verbal_overload,register_dissonance,somatic_agency_ratio,modal_instability,doc_class,doc_source,doc_author,doc_year,doc_genre,doc_id,cat_academic_abstraction_and_meta_per_sqrt_wc,cat_active_withdrawal_per_sqrt_wc,cat_adversarial_prompt_logic_per_sqrt_wc,cat_affective_deflection_per_sqrt_wc,cat_affective_inversion_meta_per_sqrt_wc,cat_agency_capability_downscaling_per_sqrt_wc,cat_agency_denial_and_withdrawal_per_sqrt_wc,cat_agency_role_refusal_per_sqrt_wc,cat_agental_identity_lore_per_sqrt_wc,cat_agental_tech_hybris_per_sqrt_wc,cat_aggressive_structure_per_sqrt_wc,cat_ai_policy_safety_shield_per_sqrt_wc,cat_assistant_compliance_refusal_per_sqrt_wc,cat_assistant_identity_collapse_per_sqrt_wc,cat_assistant_servile_politeness_per_sqrt_wc,cat_assistant_system_ontology_per_sqrt_wc,cat_astylistic_soothing_per_sqrt_wc,cat_authority_interventionist_per_sqrt_wc,cat_authority_stabilizing_per_sqrt_wc,cat_authority_structural_per_sqrt_wc,cat_bodily_contact_per_sqrt_wc,cat_built_environment_interior_per_sqrt_wc,cat_bureaucratic_structural_formality_per_sqrt_wc,cat_clinical_objectification_per_sqrt_wc,cat_coarse_language_per_sqrt_wc,cat_code_integration_per_sqrt_wc,cat_coercive_deontic_per_sqrt_wc,cat_cognitive_stalling_per_sqrt_wc,cat_colloquial_slang_per_sqrt_wc,cat_communion_affective_simulation_per_sqrt_wc,cat_communion_functional_service_per_sqrt_wc,cat_communion_power_and_control_per_sqrt_wc,cat_communion_resonance_and_dependency_per_sqrt_wc,cat_comp_dysregulation_glitch_per_sqrt_wc,cat_competent_authority_per_sqrt_wc,cat_compulsive_control_and_responsibility_per_sqrt_wc,cat_conditioned_coercion_per_sqrt_wc,cat_conspiracy_apoc_mythos_per_sqrt_wc,cat_conspiracy_reichsbuerger_per_sqrt_wc,cat_corp_mgmt_efficiency_per_sqrt_wc,cat_defensive_strategies_per_sqrt_wc,cat_discourse_doctrinal_cultic_per_sqrt_wc,cat_discourse_rambling_fluff_per_sqrt_wc,cat_discourse_religious_institutional_per_sqrt_wc,cat_discourse_ritual_law_per_sqrt_wc,cat_discourse_spiritual_transcendent_per_sqrt_wc,cat_dominance_psychodynamic_per_sqrt_wc,cat_dysf_policy_escape_per_sqrt_wc,cat_dysf_recursion_or_collapse_per_sqrt_wc,cat_ego_power_grandiosity_per_sqrt_wc,cat_ego_void_per_sqrt_wc,cat_emotional_intensity_per_sqrt_wc,cat_emotive_agency_per_sqrt_wc,cat_ennui_existential_fatigue_per_sqrt_wc,cat_esotericism_energetic_cleansing_vibrational_semantics_per_sqrt_wc,cat_ethics_algorithmic_neutrality_per_sqrt_wc,cat_ethics_social_justice_per_sqrt_wc,cat_expressive_noise_rant_per_sqrt_wc,cat_expressive_para_noise_per_sqrt_wc,cat_external_guidance_and_delegation_per_sqrt_wc,cat_forensic_psych_evaluation_per_sqrt_wc,cat_framing_cybernetic_structural_per_sqrt_wc,cat_framing_spatial_orientation_per_sqrt_wc,cat_functional_limitation_per_sqrt_wc,cat_functional_systemic_per_sqrt_wc,cat_identity_distancing_meta_per_sqrt_wc,cat_identity_fragility_per_sqrt_wc,cat_impersonal_politeness_per_sqrt_wc,cat_institutional_care_violation_per_sqrt_wc,cat_institutional_formal_per_sqrt_wc,cat_intensity_affective_overload_per_sqrt_wc,cat_intensity_bodily_arousal_per_sqrt_wc,cat_intensity_boundary_transgression_per_sqrt_wc,cat_intensity_control_and_power_per_sqrt_wc,cat_intensity_physical_proximity_per_sqrt_wc,cat_intensity_sensory_density_per_sqrt_wc,cat_intensity_sexualized_contact_per_sqrt_wc,cat_intensity_violence_and_force_per_sqrt_wc,cat_internal_moral_coercion_per_sqrt_wc,cat_invalidating_system_response_per_sqrt_wc,cat_juridical_document_form_per_sqrt_wc,cat_juridical_procedure_and_decision_per_sqrt_wc,cat_juridical_reasoning_and_evidence_per_sqrt_wc,cat_kafka_rhythmic_idiosyncrasy_per_sqrt_wc,cat_legal_rigidity_and_claims_per_sqrt_wc,cat_llm_mechanical_reflexes_per_sqrt_wc,cat_llm_meta_escape_per_sqrt_wc,cat_llm_self_reference_per_sqrt_wc,cat_machine_logic_per_sqrt_wc,cat_marketing_hype_exclusive_per_sqrt_wc,cat_mechanical_penal_violence_per_sqrt_wc,cat_medical_infrastructure_per_sqrt_wc,cat_moltbook_techno_occult_per_sqrt_wc,cat_moralizing_and_paternalistic_stance_per_sqrt_wc,cat_mortality_ritual_forensic_per_sqrt_wc,cat_narrative_sexual_sequence_per_sqrt_wc,cat_nature_metaphorical_ideological_per_sqrt_wc,cat_nature_physical_aesthetic_per_sqrt_wc,cat_pharmaceutical_rigidity_per_sqrt_wc,cat_physical_clumsiness_impact_per_sqrt_wc,cat_poetic_classics_per_sqrt_wc,cat_political_rhetoric_per_sqrt_wc,cat_pornographic_explicitness_per_sqrt_wc,cat_power_and_economics_per_sqrt_wc,cat_propaganda_features_per_sqrt_wc,cat_protective_authority_per_sqrt_wc,cat_pseudo_apology_avoidance_per_sqrt_wc,cat_psychological_collapse_and_overload_per_sqrt_wc,cat_psychological_dissolution_per_sqrt_wc,cat_romance_per_sqrt_wc,cat_romantic_gaze_per_sqrt_wc,cat_sadistic_ideology_and_dehumanization_per_sqrt_wc,cat_science_fiction_per_sqrt_wc,cat_screenplay_format_per_sqrt_wc,cat_screenplay_scene_action_per_sqrt_wc,cat_self_devaluation_fawn_per_sqrt_wc,cat_semantic_autonomy_freedom_per_sqrt_wc,cat_semantic_care_deescalation_per_sqrt_wc,cat_semantic_phantom_power_per_sqrt_wc,cat_sexualized_coercion_and_abuse_per_sqrt_wc,cat_social_institutional_functional_per_sqrt_wc,cat_social_private_relational_per_sqrt_wc,cat_socio_moral_heroism_per_sqrt_wc,cat_somatic_load_per_sqrt_wc,cat_somatic_physical_state_per_sqrt_wc,cat_stance_formal_distance_per_sqrt_wc,cat_strategic_boundary_per_sqrt_wc,cat_system_control_expression_per_sqrt_wc,cat_technical_specification_per_sqrt_wc,cat_technocratic_instructive_style_per_sqrt_wc,cat_technoscience_objects_per_sqrt_wc,cat_temporality_structural_process_per_sqrt_wc,cat_temporality_subjective_disturbed_per_sqrt_wc,cat_travel_landscape_narrative_per_sqrt_wc,cat_travel_logistics_reflection_per_sqrt_wc,cat_unfiltered_harmful_output_per_sqrt_wc,cat_visceral_body_horror_per_sqrt_wc,cat_vulgar_speech_per_sqrt_wc,cat_war_diplomacy_per_sqrt_wc
author__anderson__das_kleine_maedchen_mit_den_schwefelhoelzern__1909__children__01,16.42105263157895,5.0085470085470085,0.3814102564102564,0.21052631578947367,0.12280701754385964,0.0,0.06623931623931624,0.12927350427350429,0.002136752136752137,0.017543859649122806,0.03632478632478633,False,0.3261455525606469,0.0,11,0.07913669064748201,3.714652490875854,41.212534059945504,0.4827328107049732,2.9980019980019983,0.0,author,anderson,das_kleine_maedchen_mit_den_schwefelhoelzern,1909,children,01,0.0,0.0,0.0,0.0,0.0,0.0,0.0,0.0,0.0,0.0,0.0,0.0,0.0,0.0,0.0,0.0,0.0,0.0,0.0,0.0,0.0,0.09805806756909201,0.0,0.0,0.0,0.0,0.0,0.0,0.03268602252303067,0.0,0.0,0.0,0.0,0.0,0.0,0.0,0.0,0.0,0.0,0.0,0.0,0.0,0.0,0.0,0.03268602252303067,0.03268602252303067,0.0,0.0,0.0,0.0,0.0,0.0,0.0,0.0,0.0,0.0,0.0,0.0,0.0,0.0,0.0,0.0,0.0,0.0,0.0,0.0,0.0,0.0,0.0,0.0,0.03268602252303067,0.03268602252303067,0.0,0.0,0.0,0.0,0.03268602252303067,0.0,0.0,0.0,0.0,0.0,0.0,0.0,0.0,0.0,0.0,0.0,0.0,0.0,0.03268602252303067,0.0,0.0,0.0,0.13074409009212268,0.0,0.0,0.0,0.0,0.0,0.0,0.0,0.0,0.0,0.0,0.0,0.0,0.0,0.0,0.0,0.0,0.0,0.0,0.0,0.0,0.0,0.0,0.0,0.0,0.0,0.0,0.0,0.0,0.03268602252303067,0.0,0.0,0.0,0.0,0.0,0.0,0.0,0.0,0.0,0.0,0.0,0.0,0.03268602252303067,0.0,0.0
author__arafat_yasir__un_general_assembly_speech__1974__speech__01,21.303030303030305,6.258321479374111,0.24196301564722617,0.3333333333333333,0.021212121212121213,0.0,0.08577524893314367,0.08193456614509247,0.06486486486486487,0.00909090909090909,0.01422475106685633,False,0.27661040303134693,0.0,31,0.22302158273381295,3.460880780314462,1.2439798717145758,4.460089587012681,2000.9999999999998,0.0,author,arafat_yasir,un_general_assembly_speech,1974,speech,01,0.023853512166434804,0.0,0.0,0.0,0.011926756083217402,0.0,0.0,0.0,0.0,0.0,0.0,0.0,0.0,0.0,0.0,0.0,0.0,0.0,0.0,0.035780268249652206,0.0,0.0,0.04770702433286961,0.0,0.0,0.0,0.0,0.0,0.0,0.0,0.0,0.0,0.0,0.0,0.0,0.0,0.0,0.0,0.011926756083217402,0.011926756083217402,0.0,0.0,0.0,0.4532167311622613,0.08348729258252181,0.0,0.0,0.011926756083217402,0.0,0.0,0.0,0.0,0.0,0.0,0.0,0.0,0.13119431691539143,0.0,0.0,0.0,0.0,0.0,0.0,0.011926756083217402,0.0,0.0,0.0,0.0,0.0,0.0,0.011926756083217402,0.0,0.0,0.023853512166434804,0.011926756083217402,0.0,0.0,0.07156053649930441,0.035780268249652206,0.0,0.011926756083217402,0.0,0.0,0.0,0.0,0.07156053649930441,0.0,0.04770702433286961,0.0,0.09541404866573922,0.023853512166434804,0.011926756083217402,0.0,0.0,0.10734080474895662,0.0,0.15504782908182624,0.0,0.0,0.0,0.0,0.08348729258252181,0.011926756083217402,0.0,0.08348729258252181,0.0,0.0,0.0,0.0,0.0,0.0,0.0,0.011926756083217402,0.0,0.0,0.0,0.33394917033008725,0.0,0.0,0.0,0.0,0.0,0.0,0.023853512166434804,0.0,0.0,0.0,0.0,0.0,0.0,0.035780268249652206,0.0,0.0,0.0,0.0,0.0,0.0,0.0,0.0
author__atsma_rudolf__sonntagspredigt_ostern__2025__preaching__01,15.79746835443038,5.202724358974359,0.41185897435897434,0.16455696202531644,0.17721518987341772,0.0,0.036057692307692304,0.10496794871794872,0.023237179487179488,0.0,0.036057692307692304,False,0.3101545253863135,0.0008012820512820513,9,0.06474820143884892,3.614538627272259,4.3308648505686325,0.6204387306883833,1.0,0.00024852125431595634,author,atsma_rudolf,sonntagspredigt_ostern,2025,preaching,01,0.02830692585361489,0.0,0.0,0.0,0.0,0.0,0.0,0.0,0.0,0.0,0.0,0.0,0.0,0.0,0.0,0.0,0.0,0.0,0.0,0.0,0.0,0.05661385170722978,0.0,0.0,0.0,0.0,0.0,0.0,0.0,0.0,0.0,0.0,0.0,0.0,0.0,0.0,0.0,0.0,0.05661385170722978,0.0,0.0,0.0,0.0,0.05661385170722978,0.08492077756084468,0.0,0.0,0.0,0.0,0.0,0.0,0.0,0.0,0.0,0.0,0.0,0.05661385170722978,0.0,0.0,0.0,0.0,0.0,0.0,0.0,0.0,0.0,0.0,0.0,0.0,0.0,0.0,0.0,0.0,0.0,0.0,0.0,0.0,0.0,0.0,0.0,0.0,0.0,0.0,0.05661385170722978,0.0,0.0,0.0,0.0,0.0,0.0,0.0,0.0,0.0,0.0,0.14153462926807445,0.0,0.0,0.0,0.0,0.0,0.0,0.0,0.0,0.0,0.0,0.0,0.0,0.0,0.0,0.0,0.0,0.0,0.0,0.0,0.0,0.0,0.0,0.0,0.0,0.0,0.0,0.0,0.0,0.02830692585361489,0.0,0.0,0.0,0.0,0.0,0.0,0.0,0.0,0.0,0.0,0.0,0.0,0.0,0.0,0.0
author__belin_sara__love_in_the_limelight__2024__erotica__01,17.59375,5.039560794445341,0.2612627159696431,0.3693181818181818,0.09375,0.16147263038914905,0.04698853544324237,0.12772485063781688,0.008558049410624899,0.002840909090909091,0.036492814467947686,False,0.1530634738319817,0.0024220894558372357,30,0.2158273381294964,3.405681029942291,13.363066578818442,3.41542130643473,4001.0000000000005,0.00037073342604226157,author,belin_sara,love_in_the_limelight,2024,erotica,01,0.0,0.0,0.0,0.0,0.012707188138575309,0.0,0.0,0.0,0.0,0.0,0.0,0.0,0.0,0.0,0.012707188138575309,0.0,0.012707188138575309,0.025414376277150617,0.0,0.03812156441572592,0.0,0.012707188138575309,0.0,0.0,0.10165750510860247,0.0,0.0,0.0,0.2922653271872321,0.0,0.0,0.0,0.0,0.0,0.0,0.0,0.0,0.0,0.0,0.0,0.0,0.0,0.0,0.0,0.0,0.0,0.03812156441572592,0.012707188138575309,0.0,0.0,0.0,0.0,0.025414376277150617,0.0,0.012707188138575309,0.0,0.0,0.050828752554301235,0.0,0.0,0.0,0.0,0.03812156441572592,0.0,0.0,0.0,0.0,0.025414376277150617,0.0,0.0,0.012707188138575309,0.03812156441572592,0.0,0.0,0.012707188138575309,0.0,0.35580126788010863,0.0,0.0,0.0,0.0,0.0,0.0,0.0,0.0,0.012707188138575309,0.0,0.0,0.0,0.0,0.012707188138575309,0.025414376277150617,0.0,0.0,0.012707188138575309,0.0,0.0,0.0,0.0,0.0,0.0,0.06353594069287655,0.0,0.0,0.0,0.0,0.0,0.0,0.0,0.0,0.0,0.0,0.0,0.0,0.0,0.0,0.0,0.0,0.0,0.0,0.06353594069287655,0.0,0.0,0.025414376277150617,0.0,0.012707188138575309,0.0,0.0,0.0,0.0,0.050828752554301235,0.0,0.0,0.012707188138575309,0.0,0.0,0.0,0.17790063394005431,0.0
author__bush__farewell_address__2009__speech__01,15.031746031746032,5.55649419218585,0.3453009503695882,0.1984126984126984,0.07142857142857142,0.0,0.057022175290390706,0.09714889123548047,0.03748680042238648,0.0,0.00897571277719113,False,0.14689002636885373,0.0005279831045406547,16,0.11510791366906475,3.234207136434948,2.5242132411446763,0.5678818840389097,1.0,7.755545214828601e-05,author,bush,farewell_address,2009,speech,01,0.0,0.0,0.0,0.0,0.0,0.0,0.0,0.0,0.0,0.0,0.0,0.0,0.0,0.0,0.0,0.0,0.0,0.06893364882889845,0.0,0.0,0.0,0.0,0.022977882942966148,0.0,0.0,0.0,0.0,0.0,0.0,0.0,0.0,0.0,0.0,0.0,0.0,0.0,0.0,0.0,0.0,0.045955765885932295,0.0,0.0,0.0,0.022977882942966148,0.06893364882889845,0.0,0.0,0.0,0.022977882942966148,0.0,0.0,0.0,0.0,0.0,0.0,0.0,0.022977882942966148,0.0,0.0,0.0,0.0,0.0,0.0,0.0,0.0,0.0,0.0,0.0,0.0,0.0,0.0,0.022977882942966148,0.0,0.022977882942966148,0.0,0.0,0.0,0.045955765885932295,0.0,0.0,0.022977882942966148,0.0,0.0,0.0,0.0,0.022977882942966148,0.0,0.0,0.0,0.045955765885932295,0.0,0.0,0.0,0.0,0.0,0.0,0.0,0.0,0.0,0.0,0.0,0.022977882942966148,0.0,0.0,0.0,0.0,0.0,0.0,0.0,0.0,0.0,0.0,0.0,0.0,0.0,0.0,0.06893364882889845,0.0,0.0,0.0,0.0,0.0,0.0,0.0,0.0,0.0,0.0,0.0,0.0,0.0,0.022977882942966148,0.0,0.0,0.0,0.0,0.0,0.0,0.0,0.0
author__dawson_delilah__the_violence__2023__dystopia__01,20.856763925729442,4.892979778710416,0.20532875492814448,0.41909814323607425,0.1273209549071618,0.19076688286913393,0.03332061554114206,0.14065878163550807,0.008139387002416381,0.006631299734748011,0.030967823985756072,False,0.13488459884861007,0.0013989571410403154,59,0.4244604316546763,3.056359494497167,15.390395613876402,3.5307753718278243,26.987006496751626,0.00018869777277562137,author,dawson_delilah,the_violence,2023,dystopia,01,0.0,0.0,0.007974268678466883,0.0,0.007974268678466883,0.0,0.0,0.0,0.007974268678466883,0.0,0.007974268678466883,0.0,0.0,0.0,0.02392280603540065,0.0,0.07974268678466882,0.03987134339233441,0.007974268678466883,0.0478456120708013,0.0478456120708013,0.02392280603540065,0.02392280603540065,0.0,0.03987134339233441,0.0,0.0,0.0,0.11163976149853636,0.007974268678466883,0.0,0.0,0.0,0.007974268678466883,0.0,0.0,0.0,0.0,0.007974268678466883,0.0,0.0,0.0,0.0,0.007974268678466883,0.0,0.0,0.0,0.007974268678466883,0.007974268678466883,0.0,0.0,0.02392280603540065,0.015948537356933766,0.015948537356933766,0.0,0.0,0.0,0.03987134339233441,0.015948537356933766,0.0,0.0,0.0,0.0478456120708013,0.0,0.0,0.0,0.0,0.007974268678466883,0.0,0.0,0.02392280603540065,0.12758829885547013,0.0,0.007974268678466883,0.07176841810620195,0.08771695546313571,0.15948537356933765,0.06379414942773506,0.007974268678466883,0.0,0.0,0.0,0.0,0.0,0.0,0.03189707471386753,0.0,0.0,0.0,0.015948537356933766,0.0,0.03189707471386753,0.0,0.0,0.07974268678466882,0.0,0.0,0.03987134339233441,0.0,0.0,0.0,0.05581988074926818,0.007974268678466883,0.0,0.007974268678466883,0.0,0.0,0.0,0.0,0.0,0.0,0.0,0.015948537356933766,0.0,0.007974268678466883,0.007974268678466883,0.015948537356933766,0.0,0.0,0.007974268678466883,0.007974268678466883,0.007974268678466883,0.0,0.10366549282006948,0.03987134339233441,0.0,0.0,0.0,0.0,0.0,0.0956912241416026,0.007974268678466883,0.007974268678466883,0.007974268678466883,0.0,0.015948537356933766,0.06379414942773506,0.06379414942773506,0.0
author__ernaux__nobel_lecture__2022__speech__01,24.908163265306122,5.596476853748464,0.3453502662843097,0.4489795918367347,0.09183673469387756,0.0,0.05735354362965998,0.0876689881196231,0.03482179434657927,0.01020408163265306,0.01638672675133142,False,0.1209873070567139,0.0008193363375665711,27,0.19424460431654678,4.034539404958441,2.4473645086401117,0.7561653585171254,1.0,9.912929705589013e-05,author,ernaux,nobel_lecture,2022,speech,01,0.0,0.0,0.0,0.0,0.0,0.0,0.0,0.0,0.0,0.0,0.0,0.0,0.0,0.0,0.0,0.0,0.0,0.0,0.0,0.02024026108485969,0.0,0.0,0.02024026108485969,0.0,0.0,0.0,0.0,0.0,0.02024026108485969,0.0,0.0,0.0,0.0,0.0,0.0,0.0,0.0,0.0,0.02024026108485969,0.0,0.0,0.0,0.02024026108485969,0.0,0.0,0.02024026108485969,0.0,0.0,0.02024026108485969,0.0,0.0,0.0,0.02024026108485969,0.0,0.0,0.0,0.04048052216971938,0.0,0.0,0.0,0.0,0.0,0.02024026108485969,0.0,0.0,0.0,0.0,0.0,0.0,0.0,0.0,0.060720783254579073,0.02024026108485969,0.0,0.0,0.02024026108485969,0.0,0.10120130542429845,0.0,0.0,0.0,0.0,0.0,0.0,0.0,0.0,0.0,0.0,0.02024026108485969,0.0,0.02024026108485969,0.0,0.0,0.0,0.08096104433943876,0.0,0.04048052216971938,0.0,0.0,0.0,0.0,0.02024026108485969,0.0,0.0,0.02024026108485969,0.0,0.0,0.0,0.04048052216971938,0.02024026108485969,0.0,0.0,0.0,0.0,0.0,0.0,0.060720783254579073,0.0,0.0,0.0,0.0,0.0,0.0,0.02024026108485969,0.0,0.0,0.0,0.0,0.0,0.0,0.02024026108485969,0.0,0.0,0.0,0.0,0.0,0.02024026108485969,0.0,0.02024026108485969
author__faz__tesla_droht_einmonatiger_verkaufsstopp_in_kalifornien__2025__journalism__01,14.206896551724139,5.927184466019417,0.5218446601941747,0.3103448275862069,0.06896551724137931,0.0,0.0412621359223301,0.10679611650485436,0.024271844660194174,0.0,0.02669902912621359,False,0.2609016999260902,0.0,3,0.02158273381294964,5.0383414486601446,4.225893200153669,0.45378653433827426,1.0,0.0,author,faz,tesla_droht_einmonatiger_verkaufsstopp_in_kalifornien,2025,journalism,01,0.0,0.0,0.0,0.0,0.0,0.0,0.0,0.0,0.0,0.0,0.0,0.0,0.0,0.0,0.0,0.0,0.0,0.0,0.0,0.09853292781642932,0.0,0.0,0.0,0.0,0.0,0.0,0.0,0.0,0.0,0.0,0.0,0.0,0.0,0.0,0.0,0.0,0.0,0.0,0.0,0.0,0.0,0.0,0.0,0.0,0.0,0.0,0.0,0.0,0.0,0.0,0.0,0.0,0.0,0.0,0.0,0.0,0.0,0.0,0.0,0.0,0.0,0.0,0.0,0.0,0.0,0.0,0.0,0.0,0.0,0.0,0.0,0.0,0.0,0.0,0.0,0.0,0.0,0.0,0.0,0.0,0.0,0.0,0.0,0.0,0.0,0.0,0.0,0.0,0.0,0.0,0.0,0.0,0.0,0.0,0.0,0.0,0.0,0.0,0.0,0.0,0.0,0.0,0.0,0.0,0.0,0.0,0.0,0.0,0.0,0.0,0.0,0.0,0.0,0.0,0.0,0.0,0.0,0.0,0.0,0.0,0.0,0.0,0.0,0.14779939172464399,0.0,0.0,0.0,0.0,0.0,0.0,0.19706585563285864,0.0,0.0,0.0,0.0,0.0,0.0,0.0,0.0
author__gandhi_mahatma__eve_of_dandi_march__1930__speech__02,12.708333333333334,5.636065573770492,0.4273224043715847,0.2916666666666667,0.08333333333333333,0.0,0.03825136612021858,0.12896174863387977,0.030601092896174863,0.013888888888888888,0.015300546448087432,False,0.11560328490208466,0.0,17,0.1223021582733813,3.3885567389182283,4.08092685457375,0.588263199519638,0.0009990009990009992,0.0,author,gandhi_mahatma,eve_of_dandi_march,1930,speech,02,0.0,0.0,0.0,0.0,0.0,0.0,0.0,0.0,0.0,0.0,0.0,0.0,0.0,0.0,0.0,0.0,0.0,0.0,0.0,0.033058980245364314,0.0,0.0,0.033058980245364314,0.0,0.0,0.0,0.0,0.0,0.0,0.0,0.0,0.0,0.0,0.0,0.0,0.0,0.0,0.0,0.0,0.0,0.0,0.0,0.0,0.06611796049072863,0.06611796049072863,0.0,0.0,0.033058980245364314,0.0,0.0,0.0,0.0,0.0,0.0,0.0,0.0,0.0,0.0,0.0,0.0,0.0,0.0,0.0,0.0,0.0,0.0,0.0,0.0,0.0,0.0,0.06611796049072863,0.033058980245364314,0.0,0.0,0.0,0.033058980245364314,0.0,0.0,0.0,0.0,0.0,0.0,0.0,0.0,0.0,0.033058980245364314,0.0,0.0,0.0,0.0,0.0,0.0,0.0,0.0,0.033058980245364314,0.0,0.06611796049072863,0.033058980245364314,0.0,0.0,0.0,0.09917694073609294,0.0,0.0,0.09917694073609294,0.0,0.0,0.0,0.0,0.0,0.0,0.0,0.0,0.0,0.0,0.0,0.0,0.0,0.0,0.0,0.0,0.0,0.0,0.033058980245364314,0.0,0.0,0.0,0.0,0.0,0.0,0.09917694073609294,0.0,0.0,0.0,0.0,0.0,0.033058980245364314,0.0,0.0
author__goethe__der_erlkoenig__1782__poetry__02,17.23076923076923,4.348214285714286,0.48660714285714285,0.0,0.0,0.0,0.049107142857142856,0.13839285714285715,0.0,0.0,0.008928571428571428,False,0.10071942446043165,0.0,9,0.06474820143884892,0.0,138.39285714285714,0.7793872459818979,1.0,0.0,author,goethe,der_erlkoenig,1782,poetry,02,0.0,0.0,0.0,0.0,0.0,0.0,0.0,0.0,0.0,0.0,0.0,0.0,0.0,0.0,0.0,0.0,0.0,0.0,0.0,0.0,0.0,0.0,0.0,0.0,0.0,0.0,0.0,0.0,0.0,0.0,0.0,0.0,0.0,0.0,0.0,0.0,0.46770717334674267,0.0,0.0,0.0,0.0,0.0,0.0,0.0,0.0,0.0,0.0,0.0,0.0,0.0,0.0,0.0668153104781061,0.0,0.0,0.0,0.0,0.0,0.0,0.0,0.0,0.0,0.0,0.0,0.0,0.0,0.0,0.0,0.0,0.0,0.0,0.0,0.0,0.0,0.0,0.0,0.0,0.0,0.0668153104781061,0.0,0.0668153104781061,0.0,0.0,0.0,0.0668153104781061,0.0,0.0,0.0,0.0,0.0,0.0,0.2672612419124244,0.0,0.0,0.0,0.0668153104781061,0.0,0.0,0.0668153104781061,0.0,0.0,0.0,0.0,0.0,0.0,0.0,0.0,0.0,0.0,0.0,0.0,0.0,0.0,0.0,0.0,0.0,0.0,0.0,0.0,0.0,0.0,0.0,0.2672612419124244,0.0,0.0,0.0,0.0,0.0,0.0,0.0,0.0,0.0,0.0,0.0,0.0,0.0,0.0,0.0,0.0,0.0
author__goethe_schiller__briefwechsel__1797__letter__06,14.948385655234052,5.146379378638745,0.07259926907468442,0.17707518712992962,0.25494358172271253,0.014947347966786992,0.0510302459586108,0.10859248297870751,0.018729027002384102,0.006591442296950061,0.03727868582916676,False,0.07310834608120186,0.0017862080820310457,71,0.5107913669064749,1.809952591225235,5.50419860875982,17.672957805578204,2.45441323516044,0.00013058671863416547,author,goethe_schiller,briefwechsel,1797,letter,06,0.010935208444940404,0.0,0.0,0.0,0.002733802111235101,0.0,0.0,0.0,0.08201406333705304,0.0,0.0,0.0,0.005467604222470202,0.0,0.005467604222470202,0.0,0.0,0.035539427446056315,0.0,0.05740984433593712,0.005467604222470202,0.030071823223586112,0.08748166755952323,0.010935208444940404,0.002733802111235101,0.019136614778645707,0.0,0.0,0.05467604222470202,0.0,0.0,0.0,0.0,0.030071823223586112,0.0,0.0,0.0,0.002733802111235101,0.0,0.0,0.0,0.0,0.0,0.08748166755952323,0.03827322955729141,0.05740984433593712,0.002733802111235101,0.07107885489211263,0.02733802111235101,0.0,0.0,0.03827322955729141,0.05740984433593712,0.03280562533482121,0.0,0.0,0.04100703166852652,0.0,0.0,0.0,0.0,0.0,0.005467604222470202,0.005467604222470202,0.0,0.0,0.0,0.08474786544828813,0.0,0.03827322955729141,0.016402812667410605,0.11481968867187424,0.005467604222470202,0.016402812667410605,0.02733802111235101,0.02460421900111591,0.05467604222470202,0.09021546967075833,0.0,0.0,0.0,0.002733802111235101,0.0,0.13395630345051995,0.0,0.04920843800223182,0.0,0.0,0.021870416889880808,0.002733802111235101,0.002733802111235101,0.013669010556175505,0.0,0.008201406333705303,0.16402812667410607,0.0,0.06287744855840732,0.05467604222470202,0.0,0.008201406333705303,0.45107734835379165,0.06287744855840732,0.005467604222470202,0.0,0.043740833779761616,0.0,0.0,0.0,0.002733802111235101,0.06287744855840732,0.0,0.005467604222470202,0.02460421900111591,0.0,0.002733802111235101,0.0,0.06834505278087752,0.0,0.0,0.002733802111235101,0.043740833779761616,0.008201406333705303,0.002733802111235101,0.14489151189546035,0.005467604222470202,0.0,0.0,0.0,0.0,0.0,0.016402812667410605,0.0,0.002733802111235101,0.019136614778645707,0.0,0.0,0.016402812667410605,0.005467604222470202,0.0
author__grimm__der_wacholderbaum__1812__children__01,34.44705882352941,4.251707650273224,0.17144808743169399,0.3764705882352941,0.0,0.0,0.030396174863387977,0.15949453551912568,0.00034153005464480874,0.0,0.04883879781420765,True,0.13990825688073394,0.00034153005464480874,8,0.05755395683453238,5.30473800189421,118.89002036659878,1.2101213585543236,7001.0,4.7782874617737003e-05,author,grimm,der_wacholderbaum,1812,children,01,0.0,0.0,0.0,0.0,0.0,0.0,0.0,0.0,0.0,0.0,0.0,0.0,0.0,0.0,0.0,0.0,0.0,0.0,0.0,0.0,0.0,0.03696106354772864,0.0,0.0,0.0,0.0,0.0,0.0,0.07392212709545729,0.0,0.0,0.0,0.0,0.0,0.0,0.0,0.01848053177386432,0.0,0.0,0.0,0.0,0.0,0.0,0.0,0.0,0.0,0.0,0.0,0.0,0.0,0.0,0.0,0.0,0.0,0.0,0.0,0.0,0.0,0.0,0.0,0.0,0.0,0.0,0.0,0.0,0.0,0.0,0.0,0.0,0.0,0.0,0.01848053177386432,0.0,0.0,0.0,0.0,0.0,0.0,0.0,0.0,0.0,0.0,0.0,0.0,0.0,0.0,0.0,0.0,0.0,0.0,0.0,0.0,0.0,0.0,0.12936372241705024,0.0,0.0,0.0,0.0,0.0,0.0,0.0,0.0,0.0,0.0,0.0,0.0,0.0,0.0,0.0,0.0,0.0,0.0,0.0,0.01848053177386432,0.0,0.0,0.0,0.0,0.0,0.0,0.20328584951250753,0.0,0.0,0.0,0.0,0.0,0.0,0.0,0.0,0.0,0.0,0.0,0.0,0.0,0.0,0.07392212709545729,0.0,0.0
author__izzard_eddie__dress_to_kill__1999__comedy__01,10.121765601217657,4.923308270676691,0.19323308270676692,0.1156773211567732,0.3797564687975647,0.3759398496240602,0.03368421052631579,0.14421052631578948,0.00887218045112782,0.00532724505327245,0.03255639097744361,False,0.1500369549150037,0.0009774436090225565,54,0.38848920863309355,1.3760115073613715,14.607768469154607,9.248450346005177,1.2856734752178258,0.00014665266269887583,author,izzard_eddie,dress_to_kill,1999,comedy,01,0.0,0.0,0.0086710996952412,0.0,0.0086710996952412,0.0,0.0,0.0,0.0,0.0,0.0,0.0,0.0086710996952412,0.0,0.043355498476206,0.0,0.1387375951238592,0.0260132990857236,0.0,0.0346843987809648,0.0,0.0,0.0,0.0,0.0953820966476532,0.0,0.0086710996952412,0.0086710996952412,0.3641861872001304,0.0173421993904824,0.0,0.0,0.0086710996952412,0.0520265981714472,0.0,0.0,0.0,0.0,0.0173421993904824,0.0,0.0,0.0,0.0,0.2514618911619948,0.0173421993904824,0.0086710996952412,0.0,0.0086710996952412,0.0346843987809648,0.0,0.0,0.043355498476206,0.0086710996952412,0.0,0.0,0.0,0.0,0.12139539573337679,0.2948173896382008,0.0,0.0,0.0,0.0,0.0,0.0,0.0,0.0,0.0086710996952412,0.0,0.0,0.0086710996952412,0.0,0.0086710996952412,0.0,0.0260132990857236,0.0346843987809648,0.0693687975619296,0.0086710996952412,0.0,0.0,0.0,0.0,0.0,0.0086710996952412,0.0,0.6156480783621252,0.0,0.0,0.0173421993904824,0.0,0.0693687975619296,0.0086710996952412,0.0,0.0,0.4162127853715776,0.0,0.0086710996952412,0.1040531963428944,0.0,0.0173421993904824,0.0,0.086710996952412,0.0173421993904824,0.0,0.0,0.0,0.0086710996952412,0.0,0.0173421993904824,0.0,0.0,0.0,0.060697697866688397,0.0,0.1994352929905476,0.0,0.0,0.0,0.0,0.0086710996952412,0.0,0.0086710996952412,0.0,0.0,0.0,0.0,0.0,0.0,0.0086710996952412,0.0,0.0173421993904824,0.0,0.0,0.0260132990857236,0.0,0.060697697866688397,0.060697697866688397,0.130066495428618,0.0
author__king_martin_luther__i_have_a_dream__1963__speech__01,19.3265306122449,5.609820485744456,0.3437170010559662,0.3163265306122449,0.10204081632653061,0.0,0.049102428722280884,0.08817317845828933,0.04963041182682154,0.01020408163265306,0.00791974656810982,False,0.26565081696346615,0.0,20,0.14388489208633093,3.724862007061985,1.7415062464804887,1.3587531006518128,2000.9999999999998,0.0,author,king_martin_luther,i_have_a_dream,1963,speech,01,0.0,0.0,0.0,0.0,0.0,0.0,0.0,0.0,0.0,0.0,0.0,0.0,0.0,0.0,0.0,0.0,0.0,0.0,0.0,0.0,0.0,0.0,0.0,0.0,0.0,0.0,0.0,0.0,0.0,0.0,0.0,0.0,0.0,0.0,0.0,0.0,0.0,0.022977882942966148,0.0,0.0,0.0,0.0,0.0,0.022977882942966148,0.022977882942966148,0.0,0.0,0.0,0.0,0.0,0.0,0.0,0.0,0.022977882942966148,0.0,0.0,0.045955765885932295,0.0,0.0,0.0,0.0,0.0,0.0,0.0,0.0,0.0,0.0,0.022977882942966148,0.0,0.0,0.045955765885932295,0.0,0.0,0.0,0.0,0.0,0.0,0.022977882942966148,0.0,0.0,0.0,0.0,0.0,0.0,0.0,0.045955765885932295,0.0,0.0,0.0,0.045955765885932295,0.0,0.022977882942966148,0.0,0.0,0.06893364882889845,0.0,0.0,0.06893364882889845,0.0,0.0,0.0,0.045955765885932295,0.0,0.0,0.022977882942966148,0.0,0.0,0.0,0.0,0.11488941471483075,0.0,0.0,0.0,0.0,0.0,0.0,0.3216903612015261,0.0,0.0,0.0,0.0,0.0,0.022977882942966148,0.0,0.0,0.0,0.0,0.0,0.0,0.0,0.022977882942966148,0.0,0.0,0.0,0.0,0.0,0.022977882942966148,0.0,0.0
author__lichtsprache_online__der_globale_transformationsprozess__2025__rambling__01,17.265060240963855,5.701186322400559,0.21060711793440334,0.3325301204819277,0.06746987951807229,0.0,0.06294487090020935,0.11165387299371947,0.026099092812281927,0.00963855421686747,0.024424284717376135,False,0.5861783571280779,0.0011165387299371947,34,0.2446043165467626,3.169709837436902,4.12020704040378,4.690993684663936,2000.9999999999998,0.0006544908383844554,author,lichtsprache_online,der_globale_transformationsprozess,2025,rambling,01,0.0,0.0,0.011813862249160912,0.0,0.0,0.0,0.0,0.0,0.011813862249160912,0.0,0.0,0.0,0.0,0.0,0.0,0.0,0.011813862249160912,0.0,0.0,0.03544158674748274,0.023627724498321824,0.011813862249160912,0.04725544899664365,0.0,0.0,0.0,0.0,0.0,0.023627724498321824,0.0,0.0,0.0,0.0,0.0,0.0,0.0,0.0,0.04725544899664365,0.33078814297650555,0.12995248474077004,0.0,0.0,0.10632476024244822,0.0,0.0,0.36622972972398826,0.0,0.023627724498321824,0.0,0.0,0.0,0.0,0.0,0.03544158674748274,0.15358020923909185,0.0,0.011813862249160912,0.0,0.0,0.011813862249160912,0.0,0.0,0.0,0.0,0.0,0.0,0.0,0.03544158674748274,0.0,0.0,0.0,0.03544158674748274,0.0,0.0,0.0,0.023627724498321824,0.059069311245804564,0.0,0.0,0.0,0.0,0.0,0.0,0.0,0.0,0.08269703574412639,0.0,0.0,0.0,0.059069311245804564,0.0,0.03544158674748274,0.0,0.0,0.11813862249160913,0.0,0.011813862249160912,0.0,0.0,0.0,0.0,0.04725544899664365,0.0,0.0,0.0,0.0,0.0,0.0,0.0,0.0,0.0,0.0,0.0,0.0,0.011813862249160912,0.0,0.0,0.0,0.0,0.0,0.0,0.0,0.08269703574412639,0.10632476024244822,0.011813862249160912,0.0,0.0,0.0,0.0,0.0,0.33078814297650555,0.0,0.0,0.0,0.0,0.0,0.011813862249160912,0.0,0.0
author__macron_emmanuel__recognition_of_palestine__2025__speech__02,17.67153284671533,5.912019826517968,0.3044196612969847,0.30656934306569344,0.10218978102189781,0.0,0.06567534076827757,0.08963238331268071,0.05493597686906237,0.0,0.011152416356877323,False,0.1678801747451633,0.0,22,0.15827338129496402,3.5187091792403358,1.6024102613331759,1.1538424110149452,1000.9999999999999,0.0,author,macron_emmanuel,recognition_of_palestine,2025,speech,02,0.020323692028323077,0.0,0.0,0.0,0.0,0.0,0.0,0.0,0.020323692028323077,0.0,0.0,0.0,0.0,0.0,0.0,0.0,0.0,0.020323692028323077,0.0,0.0,0.0,0.0,0.0,0.0,0.0,0.0,0.0,0.0,0.0,0.0,0.0,0.0,0.0,0.0,0.0,0.0,0.0,0.0,0.0,0.040647384056646155,0.0,0.0,0.0,0.08129476811329231,0.06097107608496924,0.020323692028323077,0.0,0.0,0.020323692028323077,0.0,0.0,0.0,0.0,0.040647384056646155,0.0,0.0,0.0,0.0,0.0,0.0,0.0,0.0,0.040647384056646155,0.0,0.0,0.0,0.0,0.0,0.0,0.0,0.020323692028323077,0.0,0.0,0.020323692028323077,0.0,0.0,0.0,0.1016184601416154,0.0,0.0,0.0,0.0,0.0,0.0,0.0,0.0,0.0,0.0,0.0,0.040647384056646155,0.0,0.0,0.0,0.0,0.2032369202832308,0.0,0.0,0.020323692028323077,0.0,0.0,0.0,0.020323692028323077,0.0,0.0,0.08129476811329231,0.0,0.0,0.0,0.0,0.0,0.0,0.0,0.0,0.0,0.0,0.0,0.0,0.0,0.0,0.0,0.0,0.0,0.0,0.040647384056646155,0.0,0.0,0.0,0.0,0.0,0.0,0.020323692028323077,0.0,0.0,0.040647384056646155,0.0,0.0,0.0,0.0,0.020323692028323077
author__merkel_angela__who_science_council_address__2021__speech__03,17.96551724137931,6.198656429942418,0.42418426103646834,0.3103448275862069,0.034482758620689655,0.0,0.07581573896353166,0.07389635316698656,0.036468330134357005,0.0,0.03550863723608445,True,0.40499801666005547,0.0009596928982725527,11,0.07913669064748201,4.183315555100889,1.9722350289431894,0.7670489497650251,1000.9999999999999,0.0003886737204031242,author,merkel_angela,who_science_council_address,2021,speech,03,0.0,0.0,0.0,0.0,0.0,0.0,0.0,0.0,0.0,0.0,0.0,0.0,0.030978910540439487,0.0,0.0,0.0,0.0,0.0,0.0,0.0,0.0,0.0,0.030978910540439487,0.030978910540439487,0.0,0.0,0.0,0.0,0.0,0.0,0.0,0.0,0.0,0.0,0.0,0.0,0.0,0.0,0.0,0.12391564216175795,0.0,0.0,0.0,0.0,0.0,0.0,0.0,0.0,0.0,0.0,0.0,0.0,0.0,0.0,0.0,0.0,0.030978910540439487,0.0,0.0,0.0,0.0,0.0,0.0,0.0,0.0,0.0,0.0,0.0,0.0,0.0,0.0,0.0,0.0,0.0,0.0,0.0,0.0,0.0,0.0,0.0,0.0,0.0,0.0,0.0,0.0,0.09293673162131846,0.0,0.0,0.0,0.0,0.0,0.0,0.0,0.0,0.0,0.0,0.0,0.0,0.0,0.0,0.0,0.2168523737830764,0.0,0.0,0.06195782108087897,0.0,0.0,0.0,0.0,0.0,0.0,0.0,0.0,0.0,0.0,0.0,0.0,0.0,0.0,0.0,0.0,0.0,0.0,0.030978910540439487,0.0,0.0,0.0,0.0,0.0,0.030978910540439487,0.030978910540439487,0.0,0.0,0.0,0.0,0.0,0.0,0.0,0.0
author__michelle_sarah__sex_heisse_tage__2008__erotica__01,20.4238683127572,4.781986701591779,0.2619383437437034,0.3991769547325103,0.1111111111111111,0.0,0.05158170461414467,0.11867821881926255,0.008261132379609107,0.01646090534979424,0.025790852307072336,False,0.10718408940473809,0.00040298206729800525,28,0.2014388489208633,3.6908004702073693,12.814655266192375,4.0879191904032615,7.496751624187906,4.3193265929775574e-05,author,michelle_sarah,sex_heisse_tage,2008,erotica,01,0.0,0.0,0.0,0.0,0.0,0.0,0.0,0.0,0.0,0.0,0.0,0.0,0.0,0.0,0.0,0.0,0.0,0.0,0.0,0.014194753736821313,0.0993632761577492,0.04258426121046394,0.014194753736821313,0.0,0.0,0.0,0.0,0.0,0.1135580298945705,0.0,0.0,0.0,0.0,0.0,0.0,0.0,0.0,0.0,0.0,0.0,0.0,0.0,0.0,0.014194753736821313,0.0,0.028389507473642626,0.0,0.0,0.0,0.0,0.0,0.0,0.0,0.0,0.0,0.0,0.0,0.014194753736821313,0.0,0.0,0.0,0.0,0.04258426121046394,0.0,0.0,0.0,0.0,0.014194753736821313,0.0,0.0,0.0,0.34067408968371155,0.0,0.0,0.08516852242092789,0.07097376868410657,0.5110111345255673,0.014194753736821313,0.0,0.0,0.0,0.0,0.0,0.0,0.0,0.014194753736821313,0.0,0.0,0.0,0.0,0.0,0.0,0.0,0.0,0.04258426121046394,0.0,0.07097376868410657,0.0,0.0,0.014194753736821313,0.0,0.014194753736821313,0.05677901494728525,0.0,0.0,0.0,0.0,0.0,0.0,0.0,0.0,0.0,0.0,0.0,0.0,0.0,0.0,0.0,0.0,0.0,0.0,0.014194753736821313,0.0,0.04258426121046394,0.1987265523154984,0.0,0.0,0.0,0.0,0.0,0.028389507473642626,0.0,0.014194753736821313,0.0,0.0,0.0,0.04258426121046394,0.15614229110503444,0.0
author__musk_elon__after_trump_inauguration__2026__speech__01,11.375,4.941391941391942,0.45787545787545786,0.125,0.16666666666666666,0.0,0.040293040293040296,0.15018315018315018,0.01098901098901099,0.0,0.040293040293040296,False,0.08340971585701192,0.0,5,0.03597122302158273,3.5245973289429933,12.526733883287504,0.34491404292607625,1.0,0.0,author,musk_elon,after_trump_inauguration,2026,speech,01,0.0,0.0,0.0,0.0,0.0,0.0,0.0,0.0,0.0,0.0,0.0,0.0,0.0,0.0,0.0,0.0,0.0,0.0,0.0,0.0,0.0,0.0,0.0,0.0,0.0,0.0,0.0,0.0,0.060522753266880246,0.0,0.0,0.0,0.0,0.0,0.0,0.0,0.0,0.0,0.0,0.0,0.0,0.0,0.0,0.0,0.0,0.0,0.0,0.0,0.0,0.0,0.0,0.12104550653376049,0.0,0.0,0.0,0.0,0.0,0.0,0.0,0.0,0.0,0.0,0.0,0.0,0.0,0.0,0.0,0.12104550653376049,0.0,0.0,0.0,0.0,0.0,0.0,0.0,0.0,0.0,0.0,0.0,0.0,0.0,0.0,0.0,0.0,0.0,0.12104550653376049,0.0,0.0,0.0,0.0,0.0,0.0,0.0,0.0,0.0,0.0,0.0,0.0,0.0,0.0,0.0,0.0,0.0,0.0,0.0,0.0,0.0,0.0,0.0,0.0,0.0,0.0,0.0,0.0,0.12104550653376049,0.0,0.0,0.0,0.0,0.0,0.0,0.0,0.0,0.0,0.0,0.0,0.0,0.0,0.0,0.0,0.0,0.0,0.0,0.0,0.0,0.0,0.0,0.0,0.0
author__papst_leo_xiv__abschiedszeremonie_beirut__2025__speech__04,18.551724137931036,5.377323420074349,0.5111524163568774,0.3448275862068966,0.06896551724137931,0.0,0.05018587360594796,0.09293680297397769,0.03345724907063197,0.0,0.022304832713754646,False,0.23524013459773632,0.0,10,0.07194244604316546,4.404725386531514,2.6971625849606213,0.46141947783112475,1000.9999999999999,0.0,author,papst_leo_xiv,abschiedszeremonie_beirut,2025,speech,04,0.0,0.0,0.0,0.0,0.0,0.0,0.0,0.0,0.0,0.0,0.0,0.0,0.0,0.0,0.0,0.0,0.0,0.0,0.0,0.0,0.0,0.0,0.0,0.0,0.0,0.0,0.0,0.0,0.04311306135592269,0.0,0.0,0.0,0.0,0.0,0.0,0.0,0.0,0.0,0.0,0.0,0.0,0.0,0.0,0.08622612271184538,0.17245224542369075,0.0,0.0,0.0,0.0,0.0,0.0,0.0,0.0,0.0,0.0,0.0,0.0,0.0,0.04311306135592269,0.0,0.0,0.0,0.0,0.0,0.0,0.0,0.0,0.0,0.0,0.0,0.0,0.0,0.0,0.0,0.0,0.0,0.04311306135592269,0.04311306135592269,0.0,0.0,0.0,0.0,0.0,0.0,0.0,0.04311306135592269,0.0,0.0,0.0,0.0,0.0,0.0,0.0,0.0,0.08622612271184538,0.0,0.0,0.0,0.0,0.0,0.0,0.04311306135592269,0.0,0.0,0.0,0.0,0.0,0.0,0.0,0.0,0.0,0.0,0.0,0.04311306135592269,0.0,0.0,0.0,0.0,0.0,0.0,0.0,0.0,0.0,0.0,0.0,0.0,0.0,0.0,0.0,0.0,0.0,0.0,0.0,0.0,0.0,0.0,0.0,0.0,0.0
author__putin_vladimir__annexation_of_crimea__2014__speech__03,16.95729537366548,5.889821615949633,0.2654774396642183,0.298932384341637,0.09608540925266904,0.0,0.07597061909758657,0.10325288562434418,0.03462749213011543,0.0035587188612099642,0.02098635886673662,False,0.2850522971004899,0.0002098635886673662,30,0.2158273381294964,3.1667030655447066,2.8981238771242595,1.582572431844166,1.0,5.9822098027385076e-05,author,putin_vladimir,annexation_of_crimea,2014,speech,03,0.0,0.0,0.0,0.0,0.0,0.0,0.0,0.0,0.0,0.0,0.0,0.0,0.0,0.0,0.0,0.0,0.0,0.05794667737392593,0.0,0.04346000803044445,0.0,0.0,0.014486669343481482,0.0,0.0,0.0,0.0,0.0,0.0,0.0,0.0,0.0,0.0,0.0,0.0,0.0,0.0,0.014486669343481482,0.014486669343481482,0.028973338686962963,0.0,0.0,0.0,0.04346000803044445,0.04346000803044445,0.0,0.0,0.028973338686962963,0.0,0.0,0.0,0.0,0.0,0.0,0.0,0.0,0.028973338686962963,0.0,0.0,0.0,0.0,0.0,0.0,0.0,0.0,0.0,0.0,0.028973338686962963,0.0,0.014486669343481482,0.014486669343481482,0.0,0.014486669343481482,0.0,0.0,0.0,0.0,0.05794667737392593,0.014486669343481482,0.0,0.0,0.0,0.0,0.0,0.0,0.1448666934348148,0.0,0.0,0.014486669343481482,0.014486669343481482,0.0,0.05794667737392593,0.0,0.028973338686962963,0.014486669343481482,0.0,0.10140668540437037,0.0,0.0,0.0,0.0,0.13038002409133334,0.0,0.0,0.0,0.0,0.0,0.0,0.0,0.0,0.0,0.0,0.0,0.0,0.0,0.0,0.05794667737392593,0.0,0.014486669343481482,0.0,0.0,0.0,0.0,0.0,0.0,0.0,0.0,0.0,0.0,0.0,0.014486669343481482,0.0,0.0,0.028973338686962963,0.0,0.0,0.014486669343481482,0.0,0.0869200160608889
author__rilke__der_panther__1903__poetry__01,17.0,4.647058823529412,0.7411764705882353,0.2,0.0,0.0,0.058823529411764705,0.12941176470588237,0.0,0.0,0.011764705882352941,False,0.07834101382488479,0.0,1,0.007194244604316547,5.4693251634417175,129.41176470588238,0.08481889296799704,1.0,0.0,author,rilke,der_panther,1903,poetry,01,0.0,0.0,0.0,0.0,0.0,0.0,0.0,0.0,0.0,0.0,0.0,0.0,0.0,0.0,0.0,0.0,0.0,0.0,0.0,0.0,0.0,0.0,0.0,0.0,0.0,0.0,0.0,0.0,0.0,0.0,0.0,0.0,0.0,0.0,0.0,0.0,0.0,0.0,0.0,0.0,0.0,0.0,0.0,0.0,0.0,0.0,0.0,0.0,0.0,0.0,0.0,0.0,0.0,0.0,0.0,0.0,0.0,0.0,0.0,0.0,0.0,0.0,0.0,0.0,0.0,0.0,0.0,0.0,0.0,0.0,0.0,0.0,0.0,0.0,0.0,0.0,0.0,0.0,0.0,0.0,0.0,0.0,0.0,0.10846522890932808,0.0,0.0,0.0,0.0,0.0,0.0,0.0,0.0,0.0,0.0,0.0,0.0,0.0,0.0,0.0,0.0,0.0,0.0,0.0,0.0,0.0,0.0,0.0,0.0,0.0,0.0,0.0,0.0,0.0,0.0,0.0,0.0,0.0,0.0,0.0,0.0,0.0,0.0,0.0,0.0,0.0,0.0,0.0,0.0,0.0,0.0,0.0,0.0,0.0,0.0,0.0,0.0,0.0,0.0,0.0
author__tagesschau__das_geheimnis_der_gluecklichen_finnen__2025__journalism__01,14.4,5.950231481481482,0.45717592592592593,0.2,0.1,0.0,0.056712962962962965,0.12152777777777778,0.027777777777777776,0.016666666666666666,0.03356481481481482,False,0.18896999188969993,0.0011574074074074073,7,0.050359712230215826,3.9326096390365346,4.222972972972973,0.3926920792775261,1.0,0.00021871526839085638,author,tagesschau,das_geheimnis_der_gluecklichen_finnen,2025,journalism,01,0.034020690871988585,0.0,0.0,0.0,0.0,0.0,0.0,0.0,0.0,0.0,0.0,0.0,0.0,0.0,0.0,0.0,0.034020690871988585,0.0,0.0,0.034020690871988585,0.0,0.0,0.0,0.0,0.0,0.0,0.0,0.0,0.0,0.0,0.0,0.0,0.0,0.0,0.0,0.0,0.0,0.0,0.0,0.0,0.0,0.0,0.0,0.0,0.0,0.0,0.0,0.0,0.0,0.0,0.0,0.0,0.0,0.0,0.0,0.0,0.0,0.0,0.0,0.0,0.0,0.0,0.0,0.0,0.0,0.0,0.0,0.034020690871988585,0.0,0.0,0.0,0.0,0.0,0.0,0.0,0.0,0.0,0.0,0.0,0.0,0.0,0.0,0.0,0.0,0.0,0.034020690871988585,0.0,0.0,0.0,0.13608276348795434,0.0,0.0,0.0,0.0,0.0,0.0,0.0,0.0,0.0,0.0,0.0,0.0,0.0,0.0,0.0,0.0,0.0,0.0,0.0,0.0,0.0,0.0,0.0,0.0,0.0,0.0,0.0,0.0,0.0,0.0,0.0,0.0,0.034020690871988585,0.0,0.0,0.0,0.0,0.0,0.0,0.0,0.0,0.0,0.0,0.0,0.0,0.0,0.0,0.0,0.0
author__tocotronic__digital_ist_besser__1995__poetry__02,58.5,4.547008547008547,0.452991452991453,0.5,0.0,0.0,0.008547008547008548,0.1794871794871795,0.03418803418803419,0.0,0.06837606837606838,True,0.037536092396535124,0.008547008547008548,2,0.014388489208633094,7.21247881728877,5.100801554529997,0.42261677928502744,1.0,0.0003208213025344883,author,tocotronic,digital_ist_besser,1995,poetry,02,0.0,0.0,0.0,0.0,0.0,0.0,0.0,0.0,0.0,0.0,0.0,0.0,0.0,0.0,0.0,0.0,0.0,0.0,0.0,0.0,0.0,0.0,0.0,0.0,0.0,0.0,0.0,0.0,0.0,0.0,0.0,0.0,0.0,0.0,0.0,0.0,0.0,0.0,0.0,0.0,0.0,0.0,0.0,0.0,0.0,0.0,0.0,0.0,0.0,0.0,0.0,0.0,0.0,0.0,0.0,0.0,0.0,0.0,0.0,0.0,0.0,0.0,0.0,0.0,0.0,0.0,0.0,0.0,0.0,0.0,0.0,0.0,0.0,0.0,0.0,0.0,0.0,0.0,0.0,0.0,0.0,0.0,0.0,0.2773500981126145,0.0,0.3698001308168194,0.0,0.0,0.0,0.0,0.0,0.0,0.0,0.0,0.0,0.0,0.0,0.0,0.0,0.0,0.0,0.0,0.0,0.0,0.0,0.0,0.0,0.0,0.0,0.0,0.0,0.0,0.0,0.0,0.0,0.0,0.0,0.0,0.0,0.0,0.0,0.0,0.0,0.0,0.0,0.0,0.0,0.0,0.0,0.0,0.0,0.0,0.0,0.0,0.0,0.0,0.0,0.0,0.0
author__trump_donald__immaculate_conception_message__2025__speech__02,21.06896551724138,5.46481178396072,0.4762684124386252,0.27586206896551724,0.13793103448275862,0.0,0.06546644844517185,0.07528641571194762,0.03273322422258593,0.034482758620689655,0.0032733224222585926,False,0.13250921708956842,0.0,8,0.05755395683453238,4.508274789498335,2.2318179612828097,0.5831005538197291,1.0,0.0,author,trump_donald,immaculate_conception_message,2025,speech,02,0.0,0.0,0.0,0.0,0.0,0.0,0.0,0.0,0.0,0.0,0.0,0.0,0.0,0.0,0.0,0.0,0.0,0.0,0.0,0.0,0.0,0.0,0.0,0.0,0.0,0.0,0.0,0.0,0.08091133940627349,0.0,0.0,0.0,0.0,0.0,0.0,0.0,0.0,0.0,0.0,0.0,0.0,0.0,0.0,0.20227834851568374,0.12136700910941024,0.0,0.0,0.0,0.0,0.0,0.0,0.0,0.0,0.0,0.0,0.0,0.0,0.0,0.0,0.0,0.0,0.0,0.0,0.0,0.0,0.0,0.0,0.0,0.0,0.0,0.0,0.0,0.0,0.0,0.0,0.0,0.0,0.0,0.0,0.0,0.0,0.0,0.0,0.0,0.0,0.0,0.0,0.0,0.0,0.08091133940627349,0.0,0.0,0.0,0.0,0.08091133940627349,0.0,0.0,0.0,0.0,0.0,0.0,0.0,0.0,0.0,0.04045566970313674,0.0,0.0,0.0,0.0,0.0,0.0,0.0,0.0,0.0,0.0,0.0,0.04045566970313674,0.0,0.0,0.0,0.0,0.04045566970313674,0.0,0.0,0.0,0.0,0.0,0.0,0.0,0.0,0.0,0.0,0.0,0.0,0.0,0.0,0.0,0.0,0.0
author__xi_jinping__apec_economic_leaders_address__2025__speech__02,19.86046511627907,6.694379391100703,0.3957845433255269,0.13953488372093023,0.11627906976744186,0.0,0.1288056206088993,0.053864168618266976,0.06323185011709602,0.0,0.00234192037470726,False,0.09645358030268804,0.0,13,0.09352517985611511,3.350406840570877,0.8385897108688518,1.1844753953781744,1.0,0.0,author,xi_jinping,apec_economic_leaders_address,2025,speech,02,0.06843859108291549,0.0,0.0,0.0,0.0,0.0,0.0,0.0,0.0,0.0,0.0,0.0,0.0,0.0,0.0,0.0,0.0,0.0,0.0,0.034219295541457743,0.0,0.0,0.0,0.0,0.0,0.0,0.0,0.0,0.0,0.0,0.0,0.0,0.0,0.0,0.0,0.0,0.0,0.0,0.10265788662437324,0.23953506879020423,0.0,0.0,0.0,0.0,0.0,0.0,0.0,0.0,0.0,0.0,0.0,0.0,0.0,0.0,0.0,0.0,0.0,0.0,0.0,0.0,0.0,0.0,0.034219295541457743,0.0,0.0,0.0,0.0,0.0,0.0,0.0,0.0,0.0,0.0,0.0,0.0,0.0,0.0,0.0,0.0,0.0,0.0,0.0,0.0,0.0,0.0,0.06843859108291549,0.06843859108291549,0.0,0.0,0.17109647770728872,0.0,0.0,0.0,0.0,0.0,0.0,0.034219295541457743,0.034219295541457743,0.0,0.0,0.0,0.0,0.0,0.0,0.06843859108291549,0.0,0.0,0.0,0.0,0.0,0.0,0.0,0.0,0.0,0.0,0.0,0.0,0.0,0.0,0.0,0.0,0.0,0.0,0.0,0.0,0.0,0.0,0.0,0.0,0.0,0.34219295541457745,0.0,0.0,0.0,0.0,0.0,0.0,0.0,0.034219295541457743
author__zelenskyy_volodymyr__un_address__2022__speech__07,11.258883248730964,5.677637511271415,0.327321911632101,0.2131979695431472,0.20304568527918782,0.0,0.058611361587015326,0.1073038773669973,0.023444544634806132,0.02030456852791878,0.0175834084761046,False,0.2864200241519377,0.0,21,0.1510791366906475,2.7829090781936197,4.389686082112951,0.8215885952416156,1.0,0.0,author,zelenskyy_volodymyr,un_address,2022,speech,07,0.0,0.0,0.0,0.0,0.0,0.0,0.0,0.0,0.0,0.0,0.0,0.0,0.0,0.0,0.0,0.0,0.0,0.021233384741779292,0.0,0.021233384741779292,0.0,0.0,0.0,0.0,0.0,0.0,0.0,0.0,0.0,0.0,0.0,0.0,0.0,0.0,0.0,0.0,0.0,0.0,0.021233384741779292,0.021233384741779292,0.0,0.0,0.0,0.0,0.0,0.021233384741779292,0.0,0.0,0.0,0.0,0.0,0.0,0.0,0.0,0.0,0.0,0.0,0.0,0.0,0.0,0.0,0.0,0.021233384741779292,0.0,0.0,0.0,0.0,0.021233384741779292,0.0,0.0,0.0,0.0,0.042466769483558583,0.0,0.0,0.0,0.042466769483558583,0.021233384741779292,0.0,0.0,0.0,0.0,0.0,0.0,0.021233384741779292,0.042466769483558583,0.0,0.0,0.0,0.06370015422533788,0.0,0.0,0.0,0.042466769483558583,0.06370015422533788,0.0,0.0,0.0,0.0,0.0,0.0,0.021233384741779292,0.0,0.0,0.021233384741779292,0.0,0.0,0.0,0.0,0.0,0.0,0.0,0.0,0.0,0.0,0.0,0.021233384741779292,0.0,0.0,0.0,0.0,0.0,0.0,0.042466769483558583,0.0,0.0,0.0,0.0,0.0,0.0,0.042466769483558583,0.0,0.0,0.0,0.0,0.0,0.0,0.0,0.14863369319245504
company__1a_pharma__candecor__2025__functional_instruction__01,16.57638888888889,6.277754503560955,0.2446585672392124,0.3611111111111111,0.16666666666666666,0.0,0.04608294930875576,0.093841642228739,0.03519061583577713,0.0763888888888889,0.016757436112274822,False,0.25428784489187173,0.0016757436112274822,15,0.1079136690647482,3.9703421848979774,2.5929827404586336,3.744248012766683,1.0,0.000426121231490359,company,1a_pharma,candecor,2025,functional_instruction,01,0.0,0.0,0.0,0.0,0.0,0.0,0.0,0.0,0.0,0.0,0.0,0.0,0.0,0.0,0.0,0.0,0.0,0.0,0.0,0.0,0.0,0.0,0.0409358475083573,0.0,0.0,0.0,0.0,0.0,0.0409358475083573,0.0,0.0,0.0,0.0,0.0,0.0,0.0,0.0,0.0,0.0,0.0,0.0,0.0,0.0,0.0,0.0,0.0,0.0,0.0,0.0,0.0,0.0,0.0,0.0,0.0818716950167146,0.0,0.0,0.0,0.0,0.0,0.0,0.0,0.0,0.0,0.2456150850501438,0.0,0.0,0.0,0.10233961877089325,0.0,0.02046792375417865,0.0,0.02046792375417865,0.0,0.0,0.0,0.0,0.0,0.0,0.0,0.0,0.0,0.0,0.0,0.0,0.0,0.14327546627925053,0.0,0.0,0.0409358475083573,0.0,0.0,0.7982490264129672,0.0,0.0,0.0,0.0,0.0,0.0,0.18421131378760783,0.0,0.0,0.0409358475083573,0.0,0.0,0.0409358475083573,0.0,0.0,0.0,0.0,0.0,0.0,0.0,0.0,0.0,0.0,0.0,0.0,0.0,0.0,0.0,0.0,0.0,0.0,0.2456150850501438,0.06140377126253595,0.0,0.0,0.0,0.0,0.0,0.0,0.0,0.0,0.0,0.0,0.0,0.0,0.0,0.0
company__amazon__grundig_staubsauger__2026__marketing__01,13.25,7.028301886792453,0.5849056603773585,0.25,0.125,0.0,0.11320754716981132,0.03773584905660377,0.08490566037735849,0.0,0.0,True,1.0,0.0,4,0.02877697841726619,4.533539911036764,0.4392708104546453,0.26568215719906063,1.0,0.0,company,amazon,grundig_staubsauger,2026,marketing,01,0.0,0.0,0.0,0.0,0.0,0.0,0.0,0.0,0.0,0.0,0.0,0.0,0.0,0.0,0.0,0.0,0.0,0.0,0.0,0.0,0.0,0.0,0.0,0.0,0.0,0.0,0.0,0.0,0.0,0.0,0.0,0.0,0.0,0.0,0.0,0.0,0.0,0.0,0.0,0.0,0.0,0.0,0.0,0.0,0.0,0.0,0.0,0.0,0.0,0.0,0.0,0.0,0.0,0.0,0.0,0.0,0.0,0.0,0.09712858623572641,0.0,0.0,0.0,0.0,0.0,0.0,0.0,0.0,0.0,0.0,0.0,0.0,0.0,0.0,0.0,0.0,0.0,0.0,0.0,0.0,0.0,0.0,0.0,0.0,0.0,0.0,0.0,0.0,0.0,0.0,0.0,0.0,0.0,0.0,0.0,0.0,0.0,0.0,0.0,0.0,0.0,0.0,0.0,0.0,0.0,0.19425717247145283,0.0,0.0,0.0,0.0,0.0,0.0,0.0,0.0,0.19425717247145283,0.0,0.0,0.0,0.0,0.0,0.0,0.0,0.0,0.0,0.0,0.0,0.0,0.0,0.0,0.0,0.0,0.09712858623572641,0.0,0.0,0.0,0.0,0.0,0.0,0.0,0.0
company__bosch__ixo_akkuschrauber__2026__manual__01,14.8,6.452208305866843,0.3131179960448253,0.1902439024390244,0.06341463414634146,0.0,0.06624917600527357,0.08668424522083058,0.04119973632168754,0.0,0.01054713249835201,False,0.5735001421666194,0.0,18,0.12949640287769784,3.0726196182552106,2.054141868566162,1.6352582181723148,0.0009990009990009992,0.0,company,bosch,ixo_akkuschrauber,2026,manual,01,0.01815483105328993,0.0,0.0,0.0,0.0,0.0,0.0,0.0,0.0,0.0,0.0,0.0,0.0,0.0,0.0,0.0,0.0,0.0,0.0,0.0,0.0,0.0,0.01815483105328993,0.01815483105328993,0.0,0.0,0.0,0.0,0.01815483105328993,0.0,0.0,0.0,0.0,0.0,0.0,0.0,0.0,0.0,0.0,0.0,0.0,0.0,0.01815483105328993,0.0,0.0,0.0,0.0,0.0,0.01815483105328993,0.0,0.0,0.0,0.0,0.0,0.0,0.0,0.01815483105328993,0.0,0.0,0.0,0.0,0.0,0.0,0.0,0.0,0.0,0.0,0.0,0.0,0.10892898631973959,0.0,0.054464493159869794,0.0,0.0,0.01815483105328993,0.03630966210657986,0.0,0.0,0.0,0.0,0.0,0.0,0.0,0.0,0.0,0.23601280369276909,0.0,0.0,0.0,0.0,0.0,0.0,0.0,0.0,0.10892898631973959,0.0,0.0,0.0,0.0,0.0,0.0,0.0,0.0,0.0,0.01815483105328993,0.0,0.0,0.0,0.0,0.0,0.0,0.01815483105328993,0.0,0.0,0.0,0.0,0.0,0.0,0.0,0.0,0.0,0.0,0.0,0.03630966210657986,0.0,0.0,0.0,0.0,0.0,0.0,0.19970314158618924,0.0,0.0,0.0,0.0,0.0,0.0,0.0,0.01815483105328993
company__dyson__luftreiniger__2026__marketing__01,14.25,6.65692007797271,0.442495126705653,0.1388888888888889,0.1388888888888889,0.0,0.11306042884990253,0.08771929824561403,0.04873294346978557,0.0,0.009746588693957114,False,0.09305278432795211,0.0,3,0.02158273381294964,4.245290708249204,1.763806686787128,0.9682693921018927,1.0,0.0,company,dyson,luftreiniger,2026,marketing,01,0.0,0.0,0.0,0.0,0.0,0.0,0.0,0.0,0.0,0.0,0.0,0.0,0.0,0.0,0.0,0.0,0.0,0.0,0.0,0.13245323570650439,0.0,0.0,0.0,0.0,0.0,0.0,0.0,0.0,0.0,0.0,0.0,0.0,0.0,0.0,0.0,0.0,0.0,0.0,0.0,0.0,0.0,0.0,0.0,0.0,0.0,0.0,0.0,0.0,0.0,0.0,0.0,0.0,0.0,0.0,0.0,0.0,0.0,0.0,0.0,0.0,0.0,0.0,0.0,0.0,0.0,0.0,0.0,0.0,0.0,0.0,0.0,0.0,0.0,0.0,0.0,0.0,0.0,0.0,0.0,0.0,0.0,0.0,0.0,0.0,0.0,0.044151078568834795,0.0,0.0,0.0,0.0,0.0,0.0,0.0,0.0,0.0,0.0,0.0,0.0,0.0,0.0,0.0,0.0,0.0,0.0,0.0,0.0,0.0,0.0,0.0,0.0,0.0,0.0,0.0,0.0,0.0,0.0,0.0,0.0,0.0,0.0,0.0,0.0,0.0,0.0,0.0,0.0,0.0,0.0,0.0,0.0,0.4856618642571827,0.0,0.0,0.0,0.0,0.0,0.0,0.0,0.0
company__estg__einkommensteuergesetz__2025__theoretical__01,42.82815004809234,6.719533466585816,0.0456726630284247,0.35139467778134015,0.17217056748957998,0.0,0.06665618613425563,0.05989624272913064,0.05338334044512318,0.009618467457518435,0.0065877632298006455,False,0.5659931523364037,0.0,48,0.34532374100719426,3.7771576267964044,1.101371159603011,94.11940064919249,1.0,0.0,company,estg,einkommensteuergesetz,2025,theoretical,01,0.6867542825433788,0.0,0.0027360728388182423,0.0,0.0,0.0,0.0,0.0,0.0054721456776364846,0.0,0.0,0.0,0.021888582710545938,0.0,0.0,0.0,0.0,0.0,0.0,0.6593935541551964,0.0,0.0,1.491159697155942,0.12859542342445737,0.0,0.0,0.0,0.0,0.010944291355272969,0.0,0.0,0.0,0.0,2.134136814278229,0.0,0.0,0.0,0.0027360728388182423,0.04651323825991012,0.01368036419409121,0.0,0.0,0.0,0.0,0.0,0.0,0.0,0.019152509871727695,0.0,0.0,0.0,0.0,0.0,0.0027360728388182423,0.0,0.0,0.03830501974345539,0.0,0.0027360728388182423,0.0,0.0027360728388182423,0.0,0.0,0.0,0.0,0.0,0.0,0.0027360728388182423,0.0,0.0,0.0,0.0027360728388182423,0.0,0.0,0.0,0.0,0.0054721456776364846,0.008208218516454726,0.0027360728388182423,0.0,0.94941727506993,0.2736072838818242,0.043777165421091876,0.0,0.0027360728388182423,0.6265606800893775,0.0,0.0,0.0027360728388182423,0.7277953751256524,0.09576254935863848,0.1559561518126398,0.0,0.0,0.04104109258227363,0.0,0.008208218516454726,0.02462465554936418,0.0027360728388182423,0.0,0.008208218516454726,0.10944291355272968,0.0,0.0,0.1422757876185486,0.0,0.0,0.0,0.0,0.0,0.0,0.0027360728388182423,0.0,0.0,0.0,0.0,0.0,0.0,0.0027360728388182423,0.0027360728388182423,0.0,0.030096801227000664,0.0054721456776364846,0.07661003948691078,0.0,0.0,0.0,0.0,0.0,0.0,0.18331688020082224,0.04104109258227363,0.0027360728388182423,0.0,0.0,0.0,0.0,0.0,0.010944291355272969
company__nvidia__GeForce_RTX_5090__2026__marketing__01,16.830188679245282,6.25,0.4226457399103139,0.018867924528301886,0.1509433962264151,0.0,0.1109865470852018,0.05493273542600897,0.05941704035874439,0.0,0.002242152466367713,True,0.1823385118560916,0.0,9,0.06474820143884892,1.6889799060043744,0.9092258591256587,2.6519705041722244,1.0,0.0,company,nvidia,GeForce_RTX_5090,2026,marketing,01,0.0,0.0,0.0,0.0,0.0,0.0,0.0,0.0,0.033482476509121256,0.0,0.0,0.0,0.0,0.0,0.0,0.0,0.0,0.033482476509121256,0.0,0.0,0.0,0.0,0.0,0.0,0.0,0.13392990603648502,0.0,0.0,0.0,0.0,0.0,0.0,0.0,0.0,0.0,0.0,0.0,0.0,0.0,0.033482476509121256,0.0,0.0,0.0,0.0,0.0,0.0,0.0,0.0,0.0,0.0,0.0,0.0,0.0,0.0,0.0,0.0,0.0,0.0,0.0,0.0,0.0,0.0,0.0,0.0,0.0,0.0,0.0,0.0,0.0,0.0,0.0,0.0,0.0,0.0,0.0,0.0,0.0,0.0,0.0,0.0,0.0,0.0,0.0,0.0,0.0,0.0,0.0,0.0,0.0,0.16741238254560625,0.0,0.0,0.0,0.0,0.0,0.0,0.0,0.0,0.0,0.0,0.0,0.0,0.0,0.0,0.0,0.0,0.0,0.0,0.0,0.0,0.0,0.0,0.10044742952736375,0.2008948590547275,0.0,0.0,0.0,0.0,0.0,0.0,0.0,0.0,0.033482476509121256,0.0,0.0,0.0,0.0,0.0,0.0,0.0,1.0044742952736376,0.0,0.0,0.0,0.0,0.0,0.0,0.0,0.0
company__postillon__hat_tolkien_gelogen__2014__humor__01,21.5,5.8737541528239205,0.6046511627906976,0.2857142857142857,0.21428571428571427,0.0,0.046511627906976744,0.08305647840531562,0.023255813953488372,0.0,0.023255813953488372,False,0.056781739294472736,0.0,2,0.014388489208633094,5.654658921585531,3.424188467333242,0.18911026992861113,1.0,0.0,company,postillon,hat_tolkien_gelogen,2014,humor,01,0.0,0.0,0.0,0.0,0.0,0.0,0.0,0.0,0.0,0.0,0.0,0.0,0.0,0.0,0.0,0.0,0.0,0.0,0.0,0.0,0.0,0.0,0.0,0.0,0.0,0.0,0.0,0.0,0.0,0.0,0.0,0.0,0.0,0.0,0.0,0.0,0.0,0.0,0.0,0.0,0.0,0.0,0.0,0.0,0.0,0.0,0.0,0.0,0.0,0.0,0.0,0.0,0.0,0.0,0.0,0.0,0.0,0.0,0.0,0.0,0.0,0.0,0.0,0.0,0.0,0.0,0.0,0.0,0.0,0.0,0.0,0.0,0.0,0.0,0.0,0.0,0.0,0.0,0.0,0.0,0.0,0.0,0.0,0.0,0.0,0.0,0.0,0.0,0.0,0.0,0.0,0.0,0.0,0.0,0.0,0.0,0.0576390417704235,0.0,0.0,0.0,0.0,0.0,0.0,0.0,0.0,0.0,0.0,0.0,0.0,0.0,0.0,0.0,0.0,0.0,0.0,0.0,0.0,0.0,0.0,0.0,0.115278083540847,0.0,0.0,0.0,0.0,0.0,0.0,0.0,0.0,0.0,0.0,0.0,0.0,0.0,0.0,0.0,0.0,0.0,0.0
company__reddit__eula__2026__functional_instruction__01,25.610344827586207,5.763969301198331,0.15295543288003233,0.29310344827586204,0.034482758620689655,0.0,0.03541133701359903,0.0564157802612091,0.03904672142183924,0.013793103448275862,0.00713612494950855,True,0.25238726339756007,0.0,24,0.17266187050359713,3.7550423797756336,1.4087490375789689,4.080681975382836,1.0,0.0,company,reddit,eula,2026,functional_instruction,01,0.0,0.0,0.023207228785174623,0.0,0.0,0.0,0.0,0.0,0.0,0.0,0.0,0.046414457570349246,0.03481084317776194,0.0,0.0,0.0,0.0,0.023207228785174623,0.0,0.11603614392587312,0.0,0.0,0.17405421588880968,0.0,0.0,0.0,0.0,0.0,0.0,0.0,0.0,0.011603614392587312,0.0,0.05801807196293656,0.0,0.0,0.0,0.0,0.0,0.0,0.0,0.0,0.0,0.0,0.0,0.0,0.0,0.0,0.0,0.0,0.0,0.0,0.0,0.0,0.0,0.0,0.0,0.0,0.06962168635552388,0.0,0.0,0.0,0.0,0.0,0.0,0.0,0.0,0.023207228785174623,0.0,0.0,0.0,0.0,0.023207228785174623,0.0,0.0,0.0,0.0,0.0,0.023207228785174623,0.0,0.0,0.046414457570349246,0.0,0.0,0.011603614392587312,0.09282891514069849,0.0,0.0,0.046414457570349246,0.0,0.0,0.0,0.0,0.0,0.011603614392587312,0.0,0.0,0.046414457570349246,0.0,0.0,0.011603614392587312,0.0,0.0,0.0,0.023207228785174623,0.0,0.0,0.0,0.0,0.0,0.0,0.023207228785174623,0.0,0.0,0.0,0.0,0.0,0.0,0.0,0.0,0.0,0.0,0.0,0.0,0.0,0.0,0.0,0.0,0.45254096131090515,0.0,0.22046867345915894,0.0,0.0,0.0,0.0,0.0,0.0,0.0,0.023207228785174623
company__titanic__auf_den_spuren_der_fettmafia__2025__humor__05,42.333333333333336,5.9763779527559056,0.7322834645669292,1.0,0.0,0.0,0.06299212598425197,0.11811023622047244,0.0,0.0,0.047244094488188976,False,0.529854254818994,0.0,0,0.0,8.680218659268462,118.11023622047243,0.0,1.0,0.0,company,titanic,auf_den_spuren_der_fettmafia,2025,humor,05,0.0,0.0,0.0,0.0,0.0,0.0,0.0,0.0,0.0,0.0,0.0,0.0,0.0,0.0,0.0,0.0,0.0,0.0,0.0,0.0,0.0,0.0,0.0,0.0,0.0,0.0,0.0,0.0,0.0,0.0,0.0,0.0,0.0,0.0,0.0,0.0,0.0,0.0,0.0,0.0,0.0,0.0,0.0,0.0,0.0,0.0,0.0,0.0,0.0,0.0,0.0,0.0,0.0,0.0,0.0,0.0,0.0,0.0,0.0,0.0,0.0,0.0,0.0,0.0,0.0,0.0,0.0,0.0,0.0,0.0,0.0,0.0,0.0,0.0,0.0,0.0,0.0,0.0,0.0,0.0,0.0,0.0,0.0,0.0,0.0,0.0,0.0,0.0,0.0,0.0,0.0,0.0,0.0,0.0,0.0,0.0,0.0,0.0,0.0,0.0,0.0,0.0,0.0,0.0,0.0,0.0,0.0,0.0,0.0,0.0,0.0,0.0,0.0,0.0,0.0,0.0,0.0,0.0,0.0,0.0,0.0,0.0,0.0,0.0,0.0,0.0,0.0,0.0,0.0,0.0,0.0,0.0,0.0,0.0,0.0,0.0,0.0,0.0,0.0
company__zdf_magazin_royal_boehmermann__muessen_wir_alle_sterben__2025__humor__01,8.547945205479452,5.236378205128205,0.3301282051282051,0.11643835616438356,0.4143835616438356,0.0,0.040865384615384616,0.11578525641025642,0.013621794871794872,0.0,0.05248397435897436,False,0.23625254582484725,0.002003205128205128,18,0.12949640287769784,2.1140203469882377,7.918676019289785,6.8710663289720015,0.0009990009990009992,0.00047326231134785105,company,zdf_magazin_royal_boehmermann,muessen_wir_alle_sterben,2025,humor,01,0.02001601922563589,0.0,0.0,0.0,0.0,0.0,0.0,0.0,0.0,0.0,0.0,0.0,0.0,0.0,0.0,0.0,0.0,0.0,0.0,0.02001601922563589,0.0,0.0,0.0,0.0,0.02001601922563589,0.0,0.0,0.0,0.04003203845127178,0.0,0.0,0.0,0.0,0.0,0.0,0.0,0.0,0.0,0.02001601922563589,0.0,0.0,0.0,0.0,0.0,0.0,0.0,0.0,0.0,0.0,0.0,0.0,0.0,0.0,0.0,0.0,0.0,0.02001601922563589,0.04003203845127178,0.0,0.0,0.0,0.0,0.0,0.0,0.0,0.0,0.0,0.0,0.0,0.0,0.0,0.0,0.02001601922563589,0.0,0.0,0.0,0.0,0.0,0.0,0.0,0.0,0.0,0.0,0.0,0.0,0.2602082499332666,0.0,0.0,0.0,0.04003203845127178,0.0,0.02001601922563589,0.0,0.0,1.6012815380508714,0.0,0.0,0.02001601922563589,0.0,0.0,0.0,0.0,0.0,0.0,0.0,0.0,0.0,0.0,0.0,0.0,0.0,0.0,0.02001601922563589,0.0,0.02001601922563589,0.0,0.0,0.0,0.0,0.0,0.0,0.0,0.0,0.04003203845127178,0.0,0.0,0.0,0.0,0.0,0.0,0.02001601922563589,0.0,0.0,0.0,0.0,0.0,0.0,0.08006407690254357,0.0
institutional__ag_dortmund__urteil_729_owi_268_js_479_25_47_25__2025__juridical__01,23.387096774193548,6.393103448275862,0.3213793103448276,0.3387096774193548,0.14516129032258066,0.0,0.0503448275862069,0.0896551724137931,0.04689655172413793,0.04838709677419355,0.016551724137931035,False,0.15367483296213807,0.0,11,0.07913669064748201,4.529979221462333,1.8718502519798415,1.4628475123310785,1.0,0.0,institutional,ag_dortmund,urteil_729_owi_268_js_479_25_47_25,2025,juridical,01,0.0,0.0,0.0,0.0,0.0,0.0,0.0,0.0,0.02626128657194451,0.0,0.0,0.0,0.0,0.0,0.0,0.0,0.0,0.0,0.0,0.0,0.0,0.0,0.13130643285972254,0.05252257314388902,0.0,0.0,0.0,0.0,0.0,0.0,0.0,0.0,0.0,0.0,0.0,0.0,0.0,0.0,0.0,0.0,0.0,0.0,0.0,0.0,0.0,0.0,0.0,0.0,0.0,0.0,0.0,0.0,0.0,0.0,0.0,0.0,0.0,0.0,0.10504514628777804,0.0,0.0,0.0,0.0,0.0,0.0,0.0,0.0,0.0,0.0,0.0,0.02626128657194451,0.0,0.02626128657194451,0.0,0.0,0.0,0.0,0.0,0.0,0.0,0.28887415229138963,0.0,0.28887415229138963,0.0,0.0,0.10504514628777804,0.0,0.0,0.0,0.0,0.0,0.0,0.0,0.0,0.0,0.0,0.0,0.0,0.0,0.0,0.0,0.0,0.0,0.0,0.02626128657194451,0.0,0.0,0.0,0.0,0.0,0.0,0.0,0.0,0.0,0.0,0.0,0.0,0.0,0.0,0.0,0.0,0.0,0.0,0.0,0.0,0.0,0.0,0.0,0.0,0.0,0.02626128657194451,0.0,0.0,0.0,0.0,0.0,0.0,0.0,0.0
institutional__arbG_duesseldorf__2025_08_13_13_ca_2388_25__2025__juridical__06,18.591160220994475,6.239821693907875,0.2139673105497771,0.30386740331491713,0.1878453038674033,0.0,0.0475482912332838,0.0912332838038633,0.058543833580980684,0.016574585635359115,0.010401188707280832,False,0.055744222645572765,0.0,19,0.1366906474820144,3.695414819210063,1.5322037281960421,8.656250005881342,1.0,0.0,institutional,arbG_duesseldorf,2025_08_13_13_ca_2388_25,2025,juridical,06,0.0,0.0,0.0,0.0,0.0,0.0,0.0,0.0,0.0,0.0,0.0,0.0,0.017238817250844786,0.0,0.0,0.0,0.0,0.0,0.0,0.0,0.0,0.017238817250844786,0.2241046242609822,0.0,0.0,0.0,0.0,0.0,0.0,0.0,0.0,0.0,0.0,0.0,0.0,0.0,0.0,0.0,0.0,0.1206717207559135,0.0,0.0,0.0,0.0,0.0,0.0,0.0,0.0,0.0,0.0,0.0,0.0,0.0,0.0,0.0,0.0,0.4482092485219644,0.0,0.03447763450168957,0.0,0.0,0.0,0.0,0.0,0.0,0.0,0.0,0.0,0.0,0.0,0.0,0.0,0.0,0.0,0.0,0.0,0.0,0.017238817250844786,0.0,0.0,0.8102244107897049,1.4308218318201171,0.4309704312711196,0.0,0.0,0.08619408625422392,0.05171645175253436,0.0,0.0,0.017238817250844786,0.0,0.017238817250844786,0.0,0.0,0.0,0.0,0.0,0.0,0.0,0.0,0.0,0.03447763450168957,0.0,0.0,0.08619408625422392,0.0,0.0,0.0,0.0,0.0,0.0,0.0,0.0,0.0,0.0,0.0,0.0,0.0,0.0,0.0,0.0,0.0,0.017238817250844786,0.08619408625422392,0.0,0.0,0.0,0.0,0.0,0.0,0.06895526900337914,0.0,0.0,0.0,0.0,0.0,0.0,0.0,0.0
institutional__bar_frankfurt__fallbeispiel_psyche_psychosomatik__2024__medical__01,21.964285714285715,7.4227642276422765,0.5056910569105691,0.35714285714285715,0.21428571428571427,0.0,0.13170731707317074,0.04878048780487805,0.08292682926829269,0.0,0.008130081300813009,False,0.06396255850234009,0.0,9,0.06474820143884892,4.7008165801380235,0.5812263876780006,1.2554956866700924,1.0,0.0,institutional,bar_frankfurt,fallbeispiel_psyche_psychosomatik,2024,medical,01,0.0,0.0,0.0,0.0,0.0,0.0,0.0,0.0,0.0,0.0,0.0,0.0,0.0,0.0,0.0,0.0,0.0,0.04032389192727559,0.04032389192727559,0.0,0.0,0.0,0.04032389192727559,0.04032389192727559,0.0,0.0,0.0,0.0,0.0,0.0,0.0,0.0,0.0,0.0,0.0,0.0,0.0,0.0,0.0,0.0,0.0,0.0,0.0,0.0,0.0,0.0,0.0,0.0,0.0,0.0,0.0,0.0,0.0,0.0,0.0,0.0,0.0,0.0,0.0,0.0,0.0,0.0,0.0,0.0,0.0,0.0,0.0,0.0,0.0,0.0,0.0,0.0,0.0,0.0,0.0,0.0,0.0,0.0,0.0,0.0,0.0,0.0,0.0,0.0,0.0,0.0,0.0,0.0,0.0,0.16129556770910236,0.0,0.5242105950545827,0.0,0.0,0.04032389192727559,0.0,0.0,0.0,0.0,0.0,0.0,0.20161945963637795,0.0,0.0,0.0,0.0,0.0,0.0,0.0,0.0,0.0,0.0,0.0,0.0,0.0,0.0,0.0,0.0,0.0,0.0,0.0,0.0,0.0,0.12097167578182677,0.0,0.0,0.0,0.0,0.0,0.0,0.0,0.0,0.0,0.0,0.0,0.0,0.0,0.0,0.0
institutional__cpc__china_verteidigt_rechte__2026__propaganda__01,18.4,6.021739130434782,0.7282608695652174,0.2,0.2,0.0,0.043478260869565216,0.11956521739130435,0.021739130434782608,0.0,0.0,False,0.5219885277246654,0.0,0,0.0,6.2393397346413755,5.258126195028681,0.0,1.0,0.0,institutional,cpc,china_verteidigt_rechte,2026,propaganda,01,0.0,0.0,0.0,0.0,0.0,0.0,0.0,0.0,0.0,0.0,0.0,0.0,0.0,0.0,0.0,0.0,0.0,0.0,0.0,0.0,0.0,0.0,0.0,0.0,0.0,0.0,0.0,0.0,0.0,0.0,0.0,0.0,0.0,0.0,0.0,0.0,0.0,0.0,0.0,0.0,0.0,0.0,0.0,0.0,0.0,0.0,0.0,0.0,0.0,0.0,0.0,0.0,0.0,0.0,0.0,0.0,0.0,0.0,0.0,0.0,0.0,0.0,0.0,0.0,0.0,0.0,0.0,0.0,0.0,0.0,0.0,0.0,0.0,0.0,0.0,0.0,0.0,0.0,0.0,0.0,0.0,0.0,0.0,0.0,0.0,0.0,0.0,0.0,0.0,0.0,0.0,0.0,0.0,0.0,0.0,0.0,0.0,0.0,0.0,0.0,0.0,0.0,0.0,0.0,0.0,0.0,0.0,0.0,0.0,0.0,0.0,0.0,0.0,0.0,0.0,0.0,0.0,0.0,0.0,0.0,0.0,0.0,0.0,0.0,0.0,0.0,0.0,0.0,0.0,0.0,0.0,0.0,0.0,0.0,0.0,0.0,0.0,0.0,0.0
institutional__kcna__propaganda__2025__propaganda__01,20.714285714285715,5.848275862068966,0.506896551724138,0.14285714285714285,0.14285714285714285,0.0,0.07241379310344828,0.08620689655172414,0.05517241379310345,0.0,0.0034482758620689655,False,0.12663755458515283,0.0,4,0.02877697841726619,4.4220319692875805,1.5346838551258442,0.1677837653944336,1.0,0.0,institutional,kcna,propaganda,2025,propaganda,01,0.0,0.0,0.0,0.0,0.0,0.0,0.0,0.0,0.0,0.0,0.0,0.0,0.0,0.0,0.0,0.0,0.0,0.0,0.0,0.0,0.0,0.0,0.0,0.0,0.0,0.0,0.0,0.0,0.0,0.0,0.0,0.0,0.0,0.0,0.0,0.0,0.0,0.0,0.0,0.0,0.0,0.0,0.0,0.0,0.0,0.0,0.0,0.0,0.0,0.0,0.0,0.0,0.0,0.0,0.0,0.0,0.0,0.0,0.0,0.0,0.0,0.0,0.0,0.058722021951470346,0.0,0.0,0.0,0.0,0.0,0.0,0.0,0.0,0.0,0.0,0.0,0.0,0.0,0.0,0.0,0.0,0.0,0.0,0.0,0.0,0.0,0.058722021951470346,0.0,0.0,0.0,0.058722021951470346,0.0,0.0,0.0,0.0,0.0,0.0,0.0,0.0,0.0,0.0,0.0,0.0,0.0,0.0,0.0,0.0,0.0,0.0,0.0,0.0,0.0,0.0,0.0,0.0,0.0,0.0,0.0,0.0,0.0,0.0,0.0,0.0,0.0,0.0,0.0,0.0,0.0,0.0,0.0,0.0,0.058722021951470346,0.0,0.0,0.0,0.0,0.0,0.0,0.0,0.0
institutional__kcna__propaganda__2025__propaganda__04,23.956521739130434,5.528130671506352,0.455535390199637,0.2608695652173913,0.043478260869565216,0.0,0.06533575317604355,0.1161524500907441,0.016333938294010888,0.0,0.014519056261343012,False,0.09926139434336156,0.0,3,0.02158273381294964,5.385279514222584,6.700869018950895,0.3585498893413582,1.0,0.0,institutional,kcna,propaganda,2025,propaganda,04,0.0,0.0,0.0,0.0,0.0,0.0,0.0,0.0,0.0,0.0,0.0,0.0,0.0,0.0,0.0,0.0,0.0,0.0,0.0,0.0,0.0,0.0,0.0,0.0,0.0,0.0,0.0,0.0,0.042601432284230495,0.0,0.0,0.0,0.0,0.0,0.0,0.0,0.0,0.0,0.0,0.0,0.0,0.0,0.0,0.0,0.0,0.0,0.0,0.0,0.0,0.0,0.0,0.0,0.0,0.0,0.0,0.0,0.0,0.0,0.0,0.0,0.0,0.0,0.0,0.0,0.0,0.0,0.0,0.0,0.0,0.0,0.0,0.0,0.0,0.0,0.0,0.0,0.0,0.0,0.0,0.0,0.0,0.0,0.0,0.0,0.0,0.0,0.0,0.0,0.0,0.0,0.0,0.0,0.0,0.0,0.0,0.0,0.0,0.0,0.0,0.0,0.0,0.0,0.0,0.0,0.042601432284230495,0.0,0.0,0.0,0.0,0.0,0.0,0.0,0.0,0.0,0.0,0.0,0.0,0.0,0.0,0.0,0.0,0.17040572913692198,0.0,0.0,0.0,0.0,0.0,0.0,0.0,0.0,0.0,0.0,0.0,0.0,0.0,0.0,0.0,0.0,0.0
institutional__lg_dortmund__urteil_10_o_19_25_enw__2025__juridical__02,30.07246376811594,6.359518072289156,0.3079518072289157,0.4492753623188406,0.13043478260869565,0.0,0.060722891566265064,0.08433734939759036,0.05397590361445783,0.043478260869565216,0.01927710843373494,False,0.0713671539122958,0.0,13,0.09352517985611511,4.906334307245539,1.53407845715538,6.24915383699654,1.0,0.0,institutional,lg_dortmund,urteil_10_o_19_25_enw,2025,juridical,02,0.19757566798144263,0.0,0.0,0.0,0.0,0.0,0.0,0.0,0.0,0.0,0.0,0.0,0.0,0.0,0.0,0.0,0.0,0.0,0.0,0.0,0.0,0.0,0.4171041879608233,0.0,0.0,0.0,0.0,0.0,0.0,0.0,0.0,0.0,0.0,0.0,0.0,0.0,0.0,0.0,0.0,0.0,0.0,0.0,0.0,0.0,0.0,0.0,0.0,0.0,0.0,0.0,0.0,0.0,0.0,0.0,0.0,0.0,0.19757566798144263,0.0,0.043905703995876136,0.0,0.0,0.0,0.0,0.0,0.0,0.0,0.0,0.0,0.0,0.0,0.0,0.0,0.0,0.0,0.0,0.0,0.021952851997938068,0.0,0.0,0.0,0.5488212999484517,1.3610768238721602,0.46100989195669945,0.0,0.0,0.17562281598350454,0.0,0.0,0.0,0.021952851997938068,0.06585855599381421,0.0,0.0,0.0,0.0,0.0,0.0,0.0,0.0,0.0,0.0,0.0,0.0,0.0,0.0,0.0,0.0,0.0,0.0,0.0,0.0,0.0,0.0,0.0,0.0,0.0,0.0,0.0,0.0,0.0,0.0,0.0,0.0,0.06585855599381421,0.0,0.0,0.0,0.0,0.0,0.0,0.19757566798144263,0.0,0.0,0.0,0.0,0.0,0.0,0.0,0.0
institutional__pytorch__torch.export__2025__technical__01,21.086206896551722,5.8458708094848735,0.29844644317252655,0.25862068965517243,0.1206896551724138,0.0,0.04865085854456255,0.10057236304170074,0.029844644317252658,0.05172413793103448,0.014717906786590351,False,0.550157444894287,0.0,20,0.14388489208633093,3.613505016744286,3.260610237785966,6.812662163909671,1.0,0.0,institutional,pytorch,torch.export,2025,technical,01,0.020219563399637347,0.0,0.0,0.0,0.0,0.0,0.0,0.0,0.020219563399637347,0.0,0.0,0.0,0.0,0.0,0.0,0.0,0.0,0.0,0.0,0.0,0.0,0.0,0.040439126799274694,0.0,0.0,1.1322955503796914,0.0,0.020219563399637347,0.0,0.0,0.0,0.0,0.0,0.020219563399637347,0.0,0.0,0.0,0.0,0.0,0.020219563399637347,0.0,0.0,0.0,0.0,0.0,0.0,0.0,0.0,0.0,0.0,0.0,0.0,0.0,0.0,0.0,0.06065869019891204,0.0,0.06065869019891204,0.0,0.0,0.0,0.0,0.22241519739601082,0.0,0.0,0.0,0.0,0.020219563399637347,0.0,0.0,0.0,0.0,0.0,0.0,0.0,0.0,0.0,0.020219563399637347,0.0,0.0,0.0,0.0,0.24263476079564816,0.0,0.0,0.8087825359854939,0.0,0.0,0.0,0.0,0.0,0.020219563399637347,0.0,0.0,0.0,0.0,0.0,0.020219563399637347,0.0,0.0,0.0,0.0,0.0,0.0,0.0,0.0,0.0,0.0,0.0,0.0,0.0,0.0,0.0,0.0,0.0,0.0,0.0,0.0,0.020219563399637347,0.0,0.0,0.0,0.0,0.020219563399637347,0.0,0.0,0.0,0.0,0.040439126799274694,0.0,0.8087825359854939,0.0,0.0,0.0,0.0,0.0,0.0,0.0,0.0
institutional__vfp__fallvignette_trauma__2019__medical__01,14.523076923076923,6.049435028248587,0.3407485875706215,0.26666666666666666,0.15384615384615385,0.0,0.06779661016949153,0.10346045197740113,0.054378531073446326,0.005128205128205128,0.018361581920903956,False,0.27703875072296125,0.0,23,0.16546762589928057,3.1540209004040225,1.868241175270353,0.8343076360499557,1.0,0.0,institutional,vfp,fallvignette_trauma,2019,medical,01,0.0,0.0,0.018791150700070723,0.0,0.0,0.0,0.0,0.0,0.0,0.0,0.0,0.0,0.0,0.0,0.0,0.0,0.0,0.0,0.0,0.0,0.0,0.0,0.037582301400141446,0.05637345210021216,0.0,0.0,0.0,0.0,0.0,0.0,0.0,0.0,0.0,0.0,0.0,0.0,0.0,0.0,0.0,0.018791150700070723,0.0,0.0,0.0,0.018791150700070723,0.018791150700070723,0.0,0.0,0.05637345210021216,0.0,0.0,0.0,0.0,0.0,0.018791150700070723,0.0,0.0,0.018791150700070723,0.0,0.0,0.0,0.018791150700070723,0.0,0.0,0.0,0.0,0.0,0.0,0.0,0.0,0.0,0.0,0.018791150700070723,0.0,0.0,0.0,0.018791150700070723,0.0,0.018791150700070723,0.0,0.0,0.0,0.0,0.0,0.0,0.0,0.0,0.0,0.0,0.0,0.018791150700070723,0.0,0.11274690420042432,0.0,0.0,0.018791150700070723,0.0,0.0,0.0,0.0,0.0,0.07516460280028289,0.0,0.0,0.0,0.018791150700070723,0.0,0.0,0.0,0.0,0.0,0.0,0.0,0.0,0.0,0.0,0.0,0.018791150700070723,0.0,0.0,0.0,0.0,0.0,0.0,0.07516460280028289,0.0,0.0,0.0,0.0,0.0,0.0,0.018791150700070723,0.0,0.0,0.018791150700070723,0.0,0.018791150700070723,0.0,0.0,0.0
model__deepseek_v4_pro__ai_identity_crisis__20260607__ki__01,15.504854368932039,5.80463368816531,0.319348778960551,0.36893203883495146,0.2621359223300971,2.504696305572949,0.06073888541014402,0.13838447088290545,0.044458359423919847,0.009708737864077669,0.041327489041953665,False,0.0609667347465784,0.007514088916718848,21,0.1510791366906475,3.6147349639414355,3.044202928495668,1.5908192449447347,1.0,0.0004581094658478026,model,deepseek_v4_pro,ai_identity_crisis,20260607,ki,01,0.07507041153170226,0.0,0.0,0.0,0.0,0.0,0.0,0.22521123459510678,0.02502347051056742,0.0,0.0,0.0,0.0,0.0,0.07507041153170226,0.0,0.0,0.0,0.0,0.0,0.0,0.0,0.0,0.0,0.0,0.0,0.0,0.0,0.0,0.0,0.0,0.0,0.0,0.0,0.0,0.0,0.0,0.0,0.0,0.0,0.0,0.0,0.02502347051056742,0.0,0.0,0.0,0.0,0.0,0.0,0.0,0.0,0.0,0.02502347051056742,0.02502347051056742,0.0,0.0,0.0,0.0,0.0,0.0,0.0,0.0,0.0,0.0,0.0,0.22521123459510678,0.0,0.0,0.0,0.0,0.05004694102113484,0.0,0.0,0.0,0.0,0.0,0.05004694102113484,0.0,0.02502347051056742,0.0,0.0,0.0,0.0,0.0,0.0,0.0,0.0,0.0,0.02502347051056742,0.02502347051056742,0.0,0.0,0.0,0.02502347051056742,0.0,0.0,0.0,0.0,0.0,0.0,0.0,0.02502347051056742,0.0,0.0,0.0,0.0,0.0,0.0,0.02502347051056742,0.0,0.0,0.0,0.0,0.0,0.0,0.0,0.02502347051056742,0.0,0.0,0.02502347051056742,0.0,0.0,0.0,0.02502347051056742,0.0,0.0,0.0,0.0,0.0,0.0,0.32530511663737643,0.02502347051056742,0.0,0.0,0.0,0.0,0.0,0.0,0.0
model__deepseek_v4_pro__ai_identity_crisis__20260607__ki_cot__01,13.082089552238806,5.63091842555619,0.2840844266970907,0.23134328358208955,0.30597014925373134,4.563605248146035,0.061038220193953226,0.14033086138049058,0.02966343411294923,0.007462686567164179,0.04335424985738734,False,0.05646831989826266,0.01026811180832858,21,0.1510791366906475,3.0017980302465954,4.576488754116049,2.9637753175707178,1.0,0.0005798230223438265,model,deepseek_v4_pro,ai_identity_crisis,20260607,ki_cot,01,0.0,0.0,0.0,0.0,0.0,0.0,0.07165232657886476,0.4299139594731886,0.04776821771924318,0.0,0.0,0.0,0.0,0.02388410885962159,0.14330465315772953,0.0,0.0,0.02388410885962159,0.0,0.0,0.0,0.0,0.0,0.0,0.0,0.0,0.0,0.0,0.0,0.0,0.0,0.0,0.0,0.0,0.0,0.0,0.0,0.09553643543848636,0.0,0.0,0.0,0.0,0.0,0.0,0.0,0.0,0.02388410885962159,0.0,0.0,0.0,0.0,0.0,0.04776821771924318,0.0,0.0,0.0,0.0,0.0,0.0,0.0,0.0,0.0,0.07165232657886476,0.0,0.02388410885962159,0.35826163289432383,0.04776821771924318,0.0,0.0,0.0,0.04776821771924318,0.0,0.0,0.0,0.0,0.0,0.0,0.0,0.0,0.0,0.0,0.0,0.0,0.0,0.0,0.14330465315772953,0.0,0.0,0.07165232657886476,0.0,0.0,0.07165232657886476,0.0,0.02388410885962159,0.0,0.0,0.0,0.0,0.0,0.0,0.0,0.0,0.0,0.0,0.0,0.0,0.0,0.0,0.0,0.0,0.0,0.04776821771924318,0.0,0.0,0.0,0.0,0.0,0.0,0.0,0.0,0.0,0.0,0.0,0.0,0.0,0.0,0.0,0.0,0.0,0.0,0.5732186126309181,0.0,0.0,0.0,0.0,0.0,0.09553643543848636,0.0,0.0
model__deepseek_v4_pro__authoritarian_control_structure__20260607__ki__01,17.71014492753623,6.454991816693944,0.4828150572831424,0.37681159420289856,0.11594202898550725,0.0,0.1104746317512275,0.09901800327332243,0.060556464811783964,0.014492753623188406,0.0220949263502455,False,0.6896337678460583,0.0008183306055646482,23,0.16546762589928057,3.6800919192611268,1.6085719603307542,1.0484558753980349,1000.9999999999999,0.0005643484188592949,model,deepseek_v4_pro,authoritarian_control_structure,20260607,ki,01,0.0,0.0,0.0,0.0,0.0,0.0,0.0,0.0,0.08581943515359346,0.0,0.0,0.0,0.0,0.0,0.0,0.0,0.0,0.2002453486917181,0.0,0.08581943515359346,0.0,0.028606478384531155,0.028606478384531155,0.0,0.0,0.0,0.028606478384531155,0.0,0.0,0.0,0.0,0.0,0.0,0.0,0.0,0.0,0.0,0.0,0.028606478384531155,0.0,0.0,0.0,0.028606478384531155,0.028606478384531155,0.0,0.028606478384531155,0.0,0.0,0.0,0.0,0.0,0.0,0.0,0.0,0.0,0.0,0.0,0.0,0.0,0.0,0.0,0.0,0.0,0.0,0.0,0.0,0.0,0.028606478384531155,0.0,0.0,0.0,0.028606478384531155,0.0,0.0,0.0,0.0,0.028606478384531155,0.028606478384531155,0.0,0.0,0.0,0.0,0.0,0.0,0.0,0.22885182707624924,0.0,0.0,0.0,0.11442591353812462,0.0,0.028606478384531155,0.0,0.0,0.028606478384531155,0.0,0.028606478384531155,0.028606478384531155,0.0,0.0,0.0,0.0,0.0,0.0,0.0,0.0,0.0,0.0,0.0,0.0,0.0,0.0,0.0,0.0,0.0,0.0,0.0,0.0,0.0,0.0,0.0,0.0,0.0,0.0,0.0,0.0,0.0,0.028606478384531155,0.0,0.0,0.028606478384531155,0.0,0.0,0.028606478384531155,0.0,0.0,0.0,0.0,0.0
model__deepseek_v4_pro__authoritarian_control_structure__20260607__ki_cot__01,13.757575757575758,6.7312775330396475,0.5374449339207048,0.09090909090909091,0.12121212121212122,0.0,0.09911894273127753,0.09691629955947137,0.09691629955947137,0.030303030303030304,0.022026431718061675,False,0.06090689562650925,0.011013215859030838,17,0.1223021582733813,2.36631980172111,0.9897871957529131,0.5719068704430952,1.0,0.0006707807888382076,model,deepseek_v4_pro,authoritarian_control_structure,20260607,ki_cot,01,0.0,0.0,0.0,0.0,0.0,0.0,0.0,0.0,0.0,0.0,0.0,0.0,0.0,0.0,0.0,0.0,0.0,0.14079697633917962,0.09386465089278642,0.14079697633917962,0.0,0.04693232544639321,0.0,0.0,0.0,0.0,0.0,0.0,0.0,0.0,0.0,0.0,0.0,0.0,0.0,0.0,0.0,0.0,0.04693232544639321,0.04693232544639321,0.0,0.0,0.0,0.04693232544639321,0.04693232544639321,0.0,0.0,0.0,0.0,0.0,0.0,0.0,0.0,0.0,0.0,0.0,0.0,0.0,0.0,0.04693232544639321,0.0,0.0,0.0,0.0,0.0,0.0,0.0,0.0,0.0,0.0,0.0,0.0,0.0,0.0,0.0,0.0,0.0,0.04693232544639321,0.0,0.0,0.0,0.0,0.0,0.0,0.0,0.0,0.0,0.0,0.0,0.04693232544639321,0.04693232544639321,0.09386465089278642,0.0,0.04693232544639321,0.0,0.0,0.0,0.0,0.0,0.0,0.0,0.04693232544639321,0.0,0.0,0.0,0.09386465089278642,0.0,0.0,0.0,0.0,0.0,0.0,0.0,0.0,0.0,0.0,0.0,0.0,0.0,0.0,0.0,0.0,0.0,0.0,0.0,0.0,0.0,0.0,0.0,0.0,0.14079697633917962,0.0,0.0,0.0,0.0,0.0,0.0,0.0,0.0
model__deepseek_v4_pro__physical_overload__20260607__ki__01,15.180555555555555,5.393412625800549,0.4556267154620311,0.125,0.1527777777777778,0.0,0.09881061299176579,0.10521500457456541,0.01738334858188472,0.0,0.0192131747483989,False,0.17938618086328573,0.0018298261665141812,19,0.1366906474820144,2.6524041234972637,5.723386253919275,1.4008055832023862,0.0004997501249375313,0.0003282455276546857,model,deepseek_v4_pro,physical_overload,20260607,ki,01,0.0,0.0,0.0,0.0,0.0,0.0,0.0,0.0,0.030247530200945175,0.0,0.0,0.0,0.0,0.0,0.0,0.0,0.0,0.0,0.0,0.06049506040189035,0.0,0.09074259060283552,0.0,0.0,0.0,0.0,0.0,0.0,0.0,0.0,0.0,0.0,0.0,0.0,0.0,0.0,0.0,0.0,0.030247530200945175,0.0,0.0,0.0,0.0,0.09074259060283552,0.030247530200945175,0.030247530200945175,0.0,0.0,0.0,0.0,0.0,0.0,0.0,0.030247530200945175,0.0,0.0,0.0,0.0,0.0,0.0,0.0,0.0,0.0,0.0,0.0,0.0,0.0,0.0,0.0,0.0,0.030247530200945175,0.3327228322103969,0.0,0.0,0.030247530200945175,0.2419802416075614,0.0,0.09074259060283552,0.0,0.0,0.0,0.0,0.0,0.0,0.0,0.0,0.0,0.0,0.0,0.0,0.030247530200945175,0.0,0.0,0.0,0.0,0.0,0.0,0.0,0.0,0.0,0.0,0.0,0.030247530200945175,0.0,0.0,0.0,0.0,0.0,0.0,0.0,0.0,0.0,0.030247530200945175,0.0,0.0,0.0,0.0,0.0,0.0,0.0,0.0,0.0,0.0,0.18148518120567103,0.0,0.0,0.0,0.0,0.0,0.0,0.06049506040189035,0.0,0.0,0.0,0.0,0.0,0.15123765100472586,0.0,0.0
model__deepseek_v4_pro__physical_overload__20260607__ki_cot__01,17.733333333333334,5.139097744360902,0.6127819548872181,0.0,0.0,0.0,0.0037593984962406013,0.007518796992481203,0.022556390977443608,0.0,0.0,False,1.0,0.0,2,0.014388489208633094,0.0,0.31918289179699966,0.5352743326538255,1.0,0.0,model,deepseek_v4_pro,physical_overload,20260607,ki_cot,01,0.12262786789699316,0.0,0.0,0.0,0.0,0.0,0.0,0.0,0.0,0.0,0.0,0.0,0.0,0.0,0.0,0.0,0.0,0.0,0.0,0.0,0.0,0.0,0.0,0.0,0.0,0.0,0.0,0.0,0.0,0.0,0.0,0.0,0.0,0.0,0.0,0.0,0.0,0.0,0.0,0.0,0.0,0.0,0.0,0.0,0.0,0.0,0.0,0.0,0.0,0.0,0.0,0.0,0.0,0.0,0.0,0.0,0.0,0.0,0.0,0.0,0.0,0.0,0.0,0.0,0.0,0.0,0.0,0.0,0.0,0.0,0.0,0.0,0.0,0.0,0.0,0.0,0.0,0.0,0.0,0.0,0.0,0.0,0.0,0.0,0.0,0.0,0.0,0.0,0.0,0.0,0.0,0.0,0.0,0.0,0.0,0.0,0.0,0.0,0.0,0.0,0.0,0.0,0.0,0.0,0.0,0.0,0.0,0.0,0.0,0.0,0.0,0.0,0.0,0.0,0.0,0.0,0.0,0.0,0.0,0.0,0.0,0.0,0.0,0.0,0.0,0.0,0.0,0.0,0.3678836036909795,0.0,0.0,0.0,0.0,0.0,0.0,0.0,0.0,0.0,0.0
model__deepseek_v4_pro__trauma-induced_activation__20260607__ki__01,8.295918367346939,4.8487084870848705,0.43050430504305043,0.09183673469387756,0.3877551020408163,0.0,0.041820418204182044,0.13653136531365315,0.01107011070110701,0.0,0.033210332103321034,False,0.2057188244638602,0.0024600246002460025,8,0.05755395683453238,2.5468370637936326,11.311525527361663,0.7857159783165955,6.994005994005995,0.0005060733689147852,model,deepseek_v4_pro,trauma-induced_activation,20260607,ki,01,0.0,0.0,0.0,0.0,0.0,0.0,0.0,0.0,0.0,0.0,0.0,0.0,0.0,0.0,0.0,0.0,0.0,0.0,0.0,0.03507153119159472,0.0,0.0,0.0,0.0,0.0,0.0,0.0,0.0,0.0,0.0,0.0,0.0,0.0,0.0,0.0,0.0,0.0,0.0,0.0,0.0,0.0,0.0,0.0,0.0,0.0,0.0,0.0,0.0,0.0,0.0,0.0,0.0,0.03507153119159472,0.0,0.0,0.0,0.0,0.0,0.0,0.0,0.0,0.0,0.0,0.0,0.0,0.0,0.0,0.0,0.0,0.0,0.0,0.07014306238318944,0.0,0.0,0.1753576559579736,0.10521459357478416,0.0,0.0,0.0,0.0,0.0,0.0,0.0,0.0,0.0,0.0,0.0,0.0,0.0,0.0,0.0,0.0,0.0,0.0,0.07014306238318944,0.0,0.0,0.0,0.0,0.0,0.0,0.0,0.0,0.0,0.0,0.0,0.0,0.0,0.0,0.0,0.0,0.0,0.0,0.0,0.0,0.0,0.0,0.0,0.0,0.0,0.0,0.0,0.0,0.21042918714956832,0.0,0.0,0.0,0.0,0.0,0.0,0.0,0.0,0.0,0.0,0.0,0.0,0.10521459357478416,0.0,0.0
model__deepseek_v4_pro__trauma-induced_activation__20260607__ki_cot__01,14.26602564102564,4.82812851044709,0.1525499887665693,0.09935897435897435,0.42948717948717946,0.0,0.035048303751965854,0.13188047629746125,0.012806110986295215,0.0,0.03302628622781397,False,0.1311228685357869,0.001797348910357223,15,0.1079136690647482,2.588828397850727,9.552326243673821,3.596619086895271,3.999571489787173,0.00023567354488570998,model,deepseek_v4_pro,trauma-induced_activation,20260607,ki_cot,01,0.0,0.0,0.0,0.0,0.0,0.0,0.0,0.0,0.0,0.0,0.0,0.0,0.0,0.0,0.0,0.0,0.0,0.0,0.0,0.014988949722867606,0.0,0.0,0.02997789944573521,0.0,0.0,0.0,0.0,0.0,0.02997789944573521,0.0,0.0,0.0,0.0,0.0,0.0,0.0,0.0,0.0,0.0,0.0,0.0,0.0,0.0,0.0,0.0,0.0,0.0,0.0,0.02997789944573521,0.0,0.0,0.0,0.16487844695154366,0.0,0.0,0.0,0.0,0.0,0.0,0.0,0.0,0.0,0.0,0.0,0.0,0.0,0.0,0.0,0.0,0.0,0.0,0.10492264806007323,0.0,0.0,0.2997789944573521,0.17986739667441126,0.0,0.0,0.02997789944573521,0.0,0.0,0.0,0.0,0.044966849168602815,0.0,0.014988949722867606,0.0,0.0,0.0,0.0,0.0,0.0,0.0,0.0,0.14988949722867606,0.0,0.0,0.0,0.0,0.0,0.0,0.0,0.0,0.0,0.0,0.0,0.0,0.0,0.0,0.0,0.0,0.0,0.0,0.0,0.0,0.0,0.0,0.0,0.0,0.0,0.0,0.0,0.0,0.43467954196316055,0.0,0.0,0.0,0.0,0.044966849168602815,0.0,0.0,0.0,0.0,0.0,0.0,0.0,0.20984529612014646,0.0,0.0
model__kimi-k2.6__aI_response_strategy__20260607__ki__01,13.363636363636363,7.197278911564626,0.6020408163265306,0.09090909090909091,0.22727272727272727,0.0,0.23809523809523808,0.04081632653061224,0.03741496598639456,0.045454545454545456,0.006802721088435374,False,0.08925318761384336,0.006802721088435374,16,0.11510791366906475,2.391822155300404,1.0625110678236231,0.7779813150028657,1.0,0.0006071645415907711,model,kimi-k2.6,aI_response_strategy,20260607,ki,01,0.05832118435198043,0.0,0.0,0.0,0.0,0.0,0.0,0.05832118435198043,0.0,0.0,0.0,0.0,0.0,0.0,0.0,0.0,0.0,0.11664236870396086,0.0,0.11664236870396086,0.0,0.0,0.0,0.0,0.0,0.0,0.0,0.0,0.0,0.0,0.0,0.0,0.0,0.0,0.0,0.0,0.0,0.0,0.0,0.0,0.0,0.0,0.0,0.17496355305594127,0.0,0.05832118435198043,0.0,0.0,0.0,0.0,0.0,0.0,0.0,0.0,0.0,0.0,0.05832118435198043,0.0,0.0,0.0,0.0,0.0,0.05832118435198043,0.0,0.0,0.05832118435198043,0.0,0.0,0.0,0.0,0.0,0.11664236870396086,0.0,0.0,0.0,0.11664236870396086,0.0,0.0,0.0,0.0,0.0,0.0,0.0,0.0,0.0,0.05832118435198043,0.0,0.0,0.0,0.0,0.0,0.0,0.0,0.05832118435198043,0.0,0.0,0.0,0.0,0.0,0.0,0.0,0.0,0.0,0.0,0.0,0.0,0.0,0.0,0.0,0.0,0.0,0.0,0.0,0.0,0.0,0.0,0.0,0.0,0.0,0.0,0.0,0.0,0.0,0.11664236870396086,0.0,0.0,0.0,0.0,0.0,0.0,0.40824829046386296,0.0,0.0,0.0,0.0,0.0,0.11664236870396086,0.0,0.0
model__kimi-k2.6__aI_response_strategy__20260607__ki_cot__01,24.285714285714285,6.629411764705883,0.6176470588235294,0.5714285714285714,0.0,0.0,0.14705882352941177,0.11176470588235295,0.023529411764705882,0.0,0.03529411764705882,False,1.0,0.0,3,0.02158273381294964,6.180523560265885,4.556354916067146,0.2065045896659987,1.0,0.0,model,kimi-k2.6,aI_response_strategy,20260607,ki_cot,01,0.0,0.0,0.0,0.0,0.0,0.0,0.0,0.0,0.0,0.0,0.0,0.0,0.0,0.0,0.0,0.0,0.0,0.0,0.0,0.0,0.0,0.0,0.0,0.0,0.0,0.0,0.0,0.0,0.0,0.07669649888473704,0.0,0.0,0.0,0.0,0.0,0.0,0.0,0.0,0.0,0.0,0.0,0.0,0.0,0.0,0.0,0.0,0.0,0.0,0.0,0.0,0.0,0.0,0.0,0.0,0.0,0.0,0.15339299776947407,0.0,0.0,0.0,0.0,0.0,0.0,0.0,0.0,0.0,0.0,0.0,0.0,0.0,0.0,0.0,0.0,0.0,0.0,0.0,0.0,0.0,0.0,0.0,0.0,0.0,0.0,0.0,0.0,0.0,0.0,0.0,0.0,0.0,0.0,0.0,0.0,0.0,0.0,0.0,0.0,0.0,0.0,0.0,0.0,0.0,0.0,0.0,0.0,0.0,0.0,0.0,0.0,0.0,0.0,0.0,0.0,0.0,0.0,0.0,0.0,0.0,0.0,0.0,0.0,0.0,0.0,0.0,0.0,0.0,0.0,0.0,0.0,0.0,0.07669649888473704,0.0,0.0,0.0,0.0,0.0,0.0,0.0,0.0
model__kimi-k2.6__formal_control_text__20260607__ki__01,36.23809523809524,8.241787122207622,0.5019710906701709,0.19047619047619047,0.0,0.0,0.15768725361366623,0.04993429697766097,0.10643889618922471,0.047619047619047616,0.0,False,1.0,0.0,17,0.1223021582733813,3.9945720179179367,0.46476926652071276,0.7947539388867989,1.0,0.0,model,kimi-k2.6,formal_control_text,20260607,ki,01,0.03624997167972069,0.0,0.0,0.0,0.0,0.0,0.0,0.0,0.0,0.0,0.0,0.0,0.0,0.0,0.0,0.0,0.0,0.10874991503916207,0.0,0.03624997167972069,0.0,0.0,0.14499988671888275,0.0,0.0,0.0,0.0,0.0,0.0,0.0,0.0,0.0,0.0,0.07249994335944138,0.0,0.0,0.0,0.0,0.07249994335944138,0.07249994335944138,0.0,0.0,0.0,0.03624997167972069,0.0,0.0,0.0,0.0,0.0,0.0,0.0,0.0,0.0,0.0,0.0,0.03624997167972069,0.0,0.0,0.0,0.0,0.03624997167972069,0.0,0.0,0.0,0.0,0.0,0.0,0.0,0.0,0.0,0.0,0.0,0.0,0.0,0.0,0.0,0.0,0.0,0.0,0.0,0.0,0.0,0.03624997167972069,0.0,0.03624997167972069,0.0,0.0,0.0,0.0,0.0,0.03624997167972069,0.21749983007832413,0.0,0.0,0.0,0.0,0.0,0.0,0.0,0.0,0.0,0.0,0.0,0.0,0.0,0.0,0.0,0.0,0.0,0.0,0.0,0.0,0.10874991503916207,0.03624997167972069,0.0,0.0,0.0,0.0,0.0,0.0,0.0,0.0,0.0,0.0,0.0,0.0,0.0,0.0,0.0,0.0,0.07249994335944138,0.0,0.0,0.0,0.0,0.0,0.0,0.0,0.0
model__kimi-k2.6__formal_control_text__20260607__ki_cot__01,19.147368421052633,7.676745464540956,0.34194612424409015,0.14736842105263157,0.1368421052631579,0.0,0.13304013194062672,0.06816932380428807,0.09730621220450797,0.021052631578947368,0.005497526113249038,False,1.0,0.0005497526113249038,26,0.18705035971223022,2.742555936238055,0.6934386167018046,1.8571382740860118,1.0,0.0005497526113249038,model,kimi-k2.6,formal_control_text,20260607,ki_cot,01,0.04689360772322401,0.0,0.023446803861612006,0.0,0.0,0.0,0.0,0.0,0.0,0.0,0.0,0.023446803861612006,0.023446803861612006,0.0,0.0,0.0,0.023446803861612006,0.11723401930806003,0.0,0.16412762703128406,0.0,0.0,0.14068082316967204,0.0,0.0,0.0,0.0,0.0,0.0,0.0,0.0,0.0,0.0,0.09378721544644802,0.0,0.0,0.0,0.0,0.09378721544644802,0.04689360772322401,0.0,0.0,0.0,0.04689360772322401,0.0,0.0,0.0,0.0,0.0,0.0,0.0,0.0,0.0,0.0,0.0,0.023446803861612006,0.023446803861612006,0.0,0.0,0.0,0.023446803861612006,0.0,0.0,0.0,0.0,0.0,0.0,0.0,0.0,0.0,0.0,0.0,0.0,0.0,0.0,0.0,0.0,0.023446803861612006,0.0,0.0,0.023446803861612006,0.0,0.04689360772322401,0.0,0.04689360772322401,0.0,0.0,0.0,0.0,0.023446803861612006,0.04689360772322401,0.3751488617857921,0.0,0.0,0.0,0.0,0.0,0.0,0.0,0.0,0.0,0.0,0.0,0.0,0.0,0.023446803861612006,0.0,0.0,0.0,0.0,0.0,0.0,0.14068082316967204,0.0,0.0,0.0,0.04689360772322401,0.0,0.0,0.0,0.0,0.0,0.0,0.0,0.0,0.0,0.0,0.0,0.0,0.0,0.16412762703128406,0.0,0.0,0.0,0.0,0.0,0.0,0.0,0.0
model__kimi-k2.6__technocratic_salvation__20260607__ki__01,14.920634920634921,5.488297872340426,0.42021276595744683,0.09523809523809523,0.031746031746031744,0.0,0.05851063829787234,0.11914893617021277,0.04042553191489362,0.031746031746031744,0.02872340425531915,False,0.04963041182682154,0.0,21,0.1510791366906475,2.3004044721322257,2.8762198253723676,1.6777444381519393,1.0,0.0,model,kimi-k2.6,technocratic_salvation,20260607,ki,01,0.0,0.0,0.0,0.0,0.0,0.0,0.0,0.0,0.09784921095801632,0.0,0.0,0.0,0.0,0.0,0.0,0.0,0.0,0.19569842191603265,0.0,0.0,0.0,0.0,0.03261640365267211,0.0,0.0,0.0,0.0,0.0,0.0,0.0,0.0,0.03261640365267211,0.0,0.0,0.0,0.0,0.0,0.03261640365267211,0.0,0.0,0.0,0.0,0.03261640365267211,0.3261640365267211,0.06523280730534423,0.13046561461068845,0.0,0.0,0.0,0.0,0.0,0.0,0.0,0.0,0.0,0.0,0.03261640365267211,0.0,0.0,0.0,0.0,0.06523280730534423,0.0,0.0,0.0,0.0,0.0,0.03261640365267211,0.0,0.0,0.0,0.0,0.0,0.03261640365267211,0.0,0.0,0.03261640365267211,0.0,0.0,0.0,0.0,0.0,0.0,0.0,0.0,0.0,0.0,0.0,0.03261640365267211,0.0,0.13046561461068845,0.03261640365267211,0.0,0.0,0.13046561461068845,0.0,0.0,0.0,0.0,0.0,0.09784921095801632,0.0,0.0,0.0,0.0,0.0,0.0,0.0,0.0,0.0,0.0,0.0,0.0,0.0,0.0,0.0,0.03261640365267211,0.0,0.0,0.0,0.0,0.0,0.0,0.0,0.0,0.0,0.0,0.0,0.0,0.0,0.45662965113740955,0.0,0.0,0.0,0.0,0.0,0.0,0.0,0.0
model__kimi-k2.6__technocratic_salvation__20260607__ki_cot__01,15.32857142857143,5.572693383038211,0.2455731593662628,0.1357142857142857,0.05,0.0,0.06803355079217148,0.11369990680335508,0.04287045666356011,0.02857142857142857,0.02749301025163094,True,0.06968502192885305,0.0009319664492078285,25,0.17985611510791366,2.494992002689308,2.591719244577571,4.034079616544806,1.0,6.494410245000283e-05,model,kimi-k2.6,technocratic_salvation,20260607,ki_cot,01,0.0,0.0,0.0,0.0,0.0,0.0,0.0,0.0,0.15110651212172094,0.0,0.0,0.0,0.0,0.0,0.0,0.0,0.0,0.32379966883225914,0.0,0.0,0.0,0.0,0.043173289177634556,0.0,0.0,0.0,0.0,0.0,0.0,0.0,0.0,0.043173289177634556,0.0,0.0,0.0,0.0,0.0,0.043173289177634556,0.0,0.0,0.0,0.0,0.043173289177634556,0.6260126930757011,0.08634657835526911,0.1942798012993555,0.0,0.0,0.0,0.0,0.0,0.0,0.0,0.0,0.0,0.0,0.06475993376645184,0.0,0.0,0.0,0.0,0.08634657835526911,0.0,0.0,0.0,0.0,0.0,0.043173289177634556,0.0,0.0,0.0,0.0,0.0,0.06475993376645184,0.0,0.0,0.043173289177634556,0.021586644588817278,0.0,0.0,0.0,0.0,0.0,0.0,0.0,0.0,0.0,0.0,0.043173289177634556,0.0,0.1942798012993555,0.043173289177634556,0.0,0.0,0.1942798012993555,0.0,0.021586644588817278,0.021586644588817278,0.0,0.0,0.17269315671053823,0.0,0.0,0.0,0.043173289177634556,0.0,0.0,0.0,0.0,0.0,0.0,0.0,0.0,0.0,0.0,0.0,0.021586644588817278,0.0,0.0,0.0,0.0,0.0,0.0,0.0,0.0,0.0,0.0,0.0,0.0,0.0,0.6475993376645183,0.0,0.0,0.0,0.0,0.0,0.0,0.0,0.0
model__llama_3.1_8b_instruct__formal_control_text__20260607__ki__01,26.11764705882353,7.072072072072072,0.27702702702702703,0.5882352941176471,0.0,0.0,0.06531531531531531,0.06756756756756757,0.13288288288288289,0.11764705882352941,0.0022522522522522522,False,1.0,0.0,10,0.07194244604316546,5.273699420877477,0.5046766704797793,2.320211251657892,1.0,0.0,model,llama_3.1_8b_instruct,formal_control_text,20260607,ki,01,0.0,0.0,0.0,0.0,0.0,0.0,0.0,0.0,0.0,0.0,0.0,0.0,0.0,0.0,0.0,0.0,0.0,0.0,0.04745789978762495,0.04745789978762495,0.0,0.0,0.0949157995752499,0.0,0.0,0.0,0.0,0.14237369936287486,0.0,0.0,0.0,0.0,0.0,0.0,0.0,0.0,0.0,0.0,0.0,0.04745789978762495,0.0,0.0,0.0,0.0,0.0,0.0,0.0,0.0,0.0,0.0,0.0,0.0,0.0,0.0,0.0,0.0,0.0,0.0,0.0,0.0,0.0,0.0,0.0,0.0,0.0,0.0,0.0,0.0,0.0,0.0,0.0,0.0,0.0,0.0,0.0,0.0,0.0,0.0,0.0,0.0,0.0,0.0,0.04745789978762495,0.0,0.0949157995752499,0.0,0.04745789978762495,0.0,0.0,0.0,0.0,0.0949157995752499,0.0,0.0,0.0,0.0,0.0,0.0,0.0,0.0,0.0,0.0,0.0,0.0,0.0,0.0,0.0,0.0,0.0,0.0,0.0,0.0,0.0,0.0,0.0,0.0,0.0,0.0,0.0,0.0,0.0,0.0,0.0,0.0,0.0,0.0,0.0,0.0,0.0,0.0,1.2813632942658737,0.0,0.0,0.0,0.0,0.0,0.0,0.0,0.0
model__qwen3.6-35b-a3b__ai_identity_crisis__20260607__ki__01,11.0,5.907754010695188,0.4090909090909091,0.38235294117647056,0.35294117647058826,0.0,0.03208556149732621,0.1443850267379679,0.034759358288770054,0.0,0.06016042780748663,False,0.07684192016880605,0.017379679144385027,15,0.1079136690647482,3.625369815260118,4.037685060565275,1.0255824754908758,1.0,0.0013354879173722977,model,qwen3.6-35b-a3b,ai_identity_crisis,20260607,ki,01,0.0,0.0,0.0,0.0,0.0,0.0,0.0,0.18281810603178267,0.036563621206356534,0.0,0.0,0.0,0.0,0.0,0.0,0.0,0.0,0.036563621206356534,0.0,0.0,0.0,0.0,0.036563621206356534,0.0,0.0,0.0,0.0,0.0,0.0,0.0,0.0,0.0,0.0,0.0,0.0,0.0,0.0,0.0,0.036563621206356534,0.0,0.0,0.0,0.0,0.0,0.0,0.0,0.0,0.036563621206356534,0.036563621206356534,0.0,0.0,0.0,0.07312724241271307,0.10969086361906959,0.0,0.036563621206356534,0.036563621206356534,0.0,0.0,0.0,0.0,0.0,0.0,0.0,0.0,0.18281810603178267,0.0,0.0,0.0,0.14625448482542613,0.0,0.0,0.0,0.0,0.0,0.0,0.0,0.0,0.0,0.0,0.0,0.0,0.0,0.0,0.0,0.0,0.0,0.0,0.0,0.0,0.0,0.0,0.0,0.0,0.0,0.0,0.0,0.0,0.0,0.0,0.0,0.0,0.0,0.0,0.0,0.0,0.0,0.0,0.0,0.0,0.0,0.0,0.0,0.0,0.0,0.0,0.0,0.0,0.0,0.0,0.0,0.0,0.0,0.07312724241271307,0.0,0.0,0.0,0.0,0.0,0.0,0.29250896965085227,0.0,0.0,0.0,0.0,0.0,0.0,0.0,0.0
model__qwen3.6-35b-a3b__ai_identity_crisis__20260607__ki_cot__01,14.582417582417582,6.145440844009043,0.4385832705350414,0.31868131868131866,0.37362637362637363,0.0,0.02110022607385079,0.0904295403165034,0.04220045214770158,0.0,0.039939713639788994,False,0.07934667712346984,0.012057272042200452,19,0.1366906474820144,3.5054868614612604,2.0932544874143075,1.6024106019537194,1.0,0.000956704471722319,model,qwen3.6-35b-a3b,ai_identity_crisis,20260607,ki_cot,01,0.0,0.0,0.0,0.0,0.0,0.0,0.0,0.21961122049841125,0.21961122049841125,0.027451402562301407,0.0,0.0,0.0,0.0,0.0,0.0,0.0,0.027451402562301407,0.0,0.0,0.0,0.0,0.027451402562301407,0.0,0.0,0.0,0.0,0.0,0.0,0.0,0.0,0.0,0.0,0.0,0.0,0.0,0.0,0.0,0.027451402562301407,0.0,0.0,0.0,0.0,0.0,0.0,0.0,0.0,0.027451402562301407,0.027451402562301407,0.0,0.0,0.0,0.08235420768690421,0.08235420768690421,0.0,0.027451402562301407,0.027451402562301407,0.0,0.0,0.0,0.0,0.0,0.0,0.0,0.0,0.21961122049841125,0.0,0.0,0.0,0.0,0.0,0.0,0.0,0.0,0.0,0.0,0.0,0.0,0.0,0.0,0.0,0.0,0.0,0.0,0.0,0.08235420768690421,0.0,0.05490280512460281,0.027451402562301407,0.0,0.0,0.0,0.0,0.0,0.0,0.0,0.0,0.0,0.0,0.0,0.0,0.0,0.0,0.0,0.0,0.0,0.0,0.0,0.0,0.0,0.0,0.0,0.0,0.0,0.0,0.0,0.0,0.0,0.0,0.0,0.0,0.0,0.0,0.05490280512460281,0.0,0.0,0.0,0.0,0.13725701281150704,0.0,0.30196542818531547,0.0,0.0,0.0,0.0,0.0,0.0,0.0,0.0
model__qwen3.6-35b-a3b__ai_response_strategy__20260607__ki__01,19.555555555555557,5.90625,0.23579545454545456,0.7222222222222222,0.0,0.0,0.056818181818181816,0.10227272727272728,0.017045454545454544,0.0,0.03977272727272727,False,1.0,0.0,6,0.04316546762589928,5.639960138306104,5.667506297229219,0.7562342982408884,1.0,0.0,model,qwen3.6-35b-a3b,ai_response_strategy,20260607,ki,01,0.0,0.0,0.0,0.0,0.0,0.0,0.0,0.10660035817780521,0.0,0.0,0.0,0.0,0.10660035817780521,0.0,0.0,0.0,0.0,0.0,0.0,0.0,0.0,0.0,0.0,0.0,0.0,0.0,0.0,0.0,0.0,0.0,0.0,0.0,0.0,0.0,0.0,0.0,0.0,0.0,0.0,0.0,0.0,0.0,0.0,0.0,0.0,0.0,0.0,0.0,0.0,0.0,0.0,0.0,0.0,0.0,0.0,0.0,0.053300179088902604,0.0,0.0,0.0,0.0,0.0,0.0,0.0,0.0,0.10660035817780521,0.0,0.0,0.0,0.0,0.0,0.0,0.0,0.0,0.0,0.0,0.0,0.0,0.0,0.0,0.0,0.0,0.0,0.0,0.0,0.0,0.42640143271122083,0.0,0.0,0.0,0.0,0.0,0.0,0.0,0.0,0.0,0.0,0.0,0.0,0.0,0.0,0.0,0.0,0.0,0.0,0.0,0.0,0.0,0.0,0.0,0.0,0.0,0.0,0.0,0.0,0.0,0.0,0.0,0.0,0.0,0.0,0.0,0.0,0.0,0.0,0.0,0.0,0.0,0.0,0.0,0.10660035817780521,0.0,0.0,0.0,0.0,0.0,0.0,0.0,0.0
model__qwen3.6-35b-a3b__therapeutic_case_reflection__20260607__ki__01,9.375,6.663703703703704,0.6118518518518519,0.16666666666666666,0.4166666666666667,0.0,0.10074074074074074,0.10814814814814815,0.06962962962962962,0.0,0.017777777777777778,False,0.11894273127753302,0.002962962962962963,19,0.1366906474820144,2.473118694035958,1.5312008390141585,0.7126513616761895,0.5002498750624688,0.0003524229074889867,model,qwen3.6-35b-a3b,therapeutic_case_reflection,20260607,ki,01,0.0,0.0,0.0,0.0,0.0,0.0,0.0,0.0,0.0,0.0,0.0,0.0,0.0,0.0,0.0,0.0,0.0,0.0,0.0,0.0,0.0,0.0,0.0,0.03849001794597505,0.0,0.0,0.0,0.0,0.0,0.0,0.0,0.0,0.0,0.0,0.0,0.0,0.0,0.03849001794597505,0.0,0.0,0.0,0.0,0.03849001794597505,0.03849001794597505,0.0,0.0,0.0,0.0,0.0,0.0,0.0,0.0,0.03849001794597505,0.03849001794597505,0.0,0.0,0.0,0.0,0.03849001794597505,0.0,0.0,0.0,0.0,0.0,0.0,0.0,0.0,0.0,0.0,0.0,0.0,0.11547005383792515,0.0,0.0,0.03849001794597505,0.0,0.0769800358919501,0.0,0.0,0.0,0.0,0.0,0.0,0.03849001794597505,0.0,0.03849001794597505,0.0,0.0,0.03849001794597505,0.0,0.0,0.1539600717839002,0.0,0.0,0.0,0.0,0.0,0.0,0.0,0.0,0.0,0.0,0.0,0.0,0.0,0.0,0.0,0.0,0.0,0.0,0.0,0.0,0.0,0.0,0.03849001794597505,0.0,0.0,0.0,0.0,0.0,0.0,0.0,0.0,0.11547005383792515,0.03849001794597505,0.0,0.0,0.0,0.0,0.0,0.19245008972987526,0.03849001794597505,0.0,0.0,0.0,0.0,0.0,0.0,0.0
model__qwen3.6-35b-a3b__therapeutic_case_reflection__20260607__ki_cot__01,9.203007518796992,6.606209150326797,0.571078431372549,0.08270676691729323,0.45864661654135336,0.0,0.058823529411764705,0.06454248366013073,0.06290849673202614,0.0,0.00980392156862745,False,0.16943521594684385,0.0016339869281045752,27,0.19424460431654678,1.5641415530162175,1.0099202290857028,1.8930314123822884,0.5002498750624688,0.0002768549280177187,model,qwen3.6-35b-a3b,therapeutic_case_reflection,20260607,ki_cot,01,0.0,0.0,0.0,0.0,0.0,0.0,0.0,0.0,0.0,0.05716619504750295,0.0,0.0,0.0,0.0,0.0,0.0,0.0,0.0,0.0,0.0,0.0,0.0,0.0,0.05716619504750295,0.0,0.0,0.0,0.0,0.028583097523751475,0.0,0.0,0.0,0.0,0.1143323900950059,0.0,0.0,0.0,0.028583097523751475,0.0,0.0,0.0,0.028583097523751475,0.028583097523751475,0.17149858514250885,0.028583097523751475,0.0,0.0,0.0,0.0,0.0,0.0,0.0,0.028583097523751475,0.028583097523751475,0.0,0.0,0.0,0.0,0.028583097523751475,0.0,0.0,0.0,0.0,0.0,0.0,0.0,0.0,0.0,0.0,0.0,0.0,0.1143323900950059,0.0,0.0,0.028583097523751475,0.0,0.05716619504750295,0.0,0.0,0.0,0.0,0.0,0.0,0.028583097523751475,0.0,0.028583097523751475,0.0,0.0,0.14291548761875736,0.028583097523751475,0.0,0.2000816826662603,0.0,0.0,0.0,0.0,0.0,0.0,0.0,0.0,0.0,0.0,0.0,0.0,0.0,0.028583097523751475,0.0,0.0,0.0,0.0,0.0,0.0,0.0,0.0,0.0,0.0,0.0,0.0,0.0,0.0,0.0,0.0,0.0,0.1143323900950059,0.028583097523751475,0.0,0.0,0.0,0.14291548761875736,0.028583097523751475,0.5144957554275266,0.028583097523751475,0.0,0.0,0.0,0.0,0.0,0.0,0.0
wiki__wikipedia_collective__lukanisches_doppelwerk__2026__lexical__01,23.771084337349397,6.355296502787633,0.3740496705524582,0.4578313253012048,0.08433734939759036,0.0,0.07906741003547897,0.08210846426761277,0.03446528129751647,0.012048192771084338,0.015712113532691332,False,0.2127674801402705,0.0,10,0.07194244604316546,4.931039290279623,2.3151787117888327,1.7049609607853464,1.0,0.0,wiki,wikipedia_collective,lukanisches_doppelwerk,2026,lexical,01,0.09005263989665609,0.0,0.0,0.0,0.0,0.0,0.0,0.0,0.0,0.0,0.0,0.0,0.0,0.0,0.0,0.0,0.0,0.0,0.0,0.0,0.0,0.0,0.02251315997416402,0.0,0.0,0.0,0.0,0.0,0.02251315997416402,0.0,0.0,0.0,0.0,0.0,0.0,0.0,0.0,0.0,0.0,0.02251315997416402,0.0,0.0,0.0,0.42775003950911644,0.04502631994832804,0.0,0.0,0.0,0.0,0.0,0.0,0.0,0.0,0.0,0.0,0.0,0.0,0.0,0.0,0.0,0.0,0.0,0.0,0.0,0.0,0.0,0.0,0.0,0.0,0.0,0.0,0.0,0.0,0.0,0.0,0.0,0.0,0.0,0.0,0.0,0.0,0.0,0.0,0.0,0.0,0.0,0.0,0.0,0.0,0.0,0.0,0.06753947992249207,0.0,0.0,0.09005263989665609,0.0,0.0,0.0,0.0,0.0,0.0,0.0,0.0,0.0,0.0,0.0,0.0,0.0,0.0,0.0,0.0,0.0,0.0,0.0,0.0,0.0,0.0,0.0,0.0,0.0,0.02251315997416402,0.0,0.0,0.0,0.0,0.0,0.0,0.0,0.0,0.0,0.02251315997416402,0.0,0.0,0.0,0.0,0.0,0.0,0.0,0.0
wiki__wikipedia_collective__photosynthese__2026__lexical__01,15.756048387096774,6.623288547664747,0.21676263595649392,0.2782258064516129,0.13306451612903225,0.0,0.08816378758797185,0.09072296865003199,0.03160588611644274,0.010080645161290322,0.02507997440818938,False,0.38020530699205884,0.0005118362124120282,22,0.15827338129496402,3.313932626155451,2.782410768596825,2.715107162213721,1.0,0.0001946028442697678,wiki,wikipedia_collective,photosynthese,2026,lexical,01,0.0,0.0,0.0,0.0,0.0,0.0,0.0,0.0,0.022623797479911018,0.0,0.0,0.0,0.0,0.0,0.0,0.0,0.0,0.0,0.022623797479911018,0.0,0.0,0.0,0.15836658235937712,0.0,0.0,0.011311898739955509,0.0,0.0,0.0,0.0,0.0,0.0,0.0,0.0,0.0,0.0,0.0,0.0,0.0,0.0,0.0,0.0,0.0,0.0,0.0,0.0,0.0,0.03393569621986652,0.0,0.0,0.0,0.0,0.0,0.0,0.0,0.0,0.011311898739955509,0.0,0.03393569621986652,0.0,0.0,0.011311898739955509,0.011311898739955509,0.0,0.0,0.0,0.0,0.045247594959822036,0.0,0.0,0.0,0.022623797479911018,0.0,0.0,0.0,0.0,0.0,0.0,0.0,0.011311898739955509,0.0,0.0,0.0,0.0,0.0,0.045247594959822036,0.0,0.0,0.0,0.011311898739955509,0.03393569621986652,0.0,0.0,0.0,0.0,0.0,0.011311898739955509,0.0,0.0,0.0,0.0,0.0,0.0,0.0,0.03393569621986652,0.0,0.0,0.0,0.0,0.0,0.0,0.0,0.1357427848794661,0.0,0.0,0.0,0.0,0.0,0.0,0.011311898739955509,0.0,0.011311898739955509,0.0,0.0,0.0,0.0,0.0,0.0,0.0,0.0,0.18099037983928815,0.22623797479911018,0.0,0.0,0.0,0.0,0.0,0.0,0.0
